And,2.09654167,29.09083333,135.68,-162.95,9.83166667,30.86122222,115.38,-83.05
And,9.83166667,30.86122222,115.38,-83.05,17.4325,35.62083333,175.59,-112.23
And,30.97466667,42.32986111,43.08,-50.85,17.4325,35.62083333,175.59,-112.23
And,17.4325,35.62083333,175.59,-112.23,14.18791667,38.49925,152.78,36.82
And,14.18791667,38.49925,152.78,36.82,12.45345833,41.07894444,22.68,-18.05
Ant,156.78816667,-31.06780556,-80.42,9.63,149.71808333,-35.89094444,-89.59,-16.27
Aps,221.96554167,-79.04472222,-5.67,-15.75,248.36441667,-78.89697222,-125.68,-77.59
Aps,248.36441667,-78.89697222,-125.68,-77.59,250.77258333,-77.51658333,-282.83,-355.03
Aql,298.82820833,6.40794444,46.35,-481.32,297.6945,8.86738889,536.82,385.54
Aql,297.6945,8.86738889,536.82,385.54,296.564875,10.61327778,15.72,-3.08
Aql,297.6945,8.86738889,536.82,385.54,291.37395833,3.11458333,253.06,80.67
Aql,291.37395833,3.11458333,253.06,80.67,298.11816667,1.00566667,6.94,-7.3
Aql,302.82608333,0.82147222,35.48,6.05,298.11816667,1.00566667,6.94,-7.3
Aql,291.37395833,3.11458333,253.06,80.67,286.35254167,13.86372222,-7.04,-95.31
Aql,286.35254167,13.86372222,-7.04,-95.31,284.90579167,15.06847222,-52.68,-73.81
Aql,291.37395833,3.11458333,253.06,80.67,286.56229167,-4.88233333,-19.68,-90.37
Aqr,322.88966667,-5.57116667,22.79,-6.7,331.44595833,0.31983333,17.9,-9.93
Aqr,331.44595833,0.31983333,17.9,-9.93,335.41375,-1.38736111,129.24,8.9
Aqr,335.41375,-1.38736111,129.24,8.9,337.2075,0.02005556,191.32,37.47
Aqr,337.2075,0.02005556,191.32,37.47,338.838875,0.11736111,88.56,-56.1
Aqr,338.838875,0.11736111,88.56,-56.1,343.15358333,-7.57966667,19.51,32.71
Aqr,343.15358333,-7.57966667,19.51,32.71,348.972,-9.08769444,368.56,-17.02
Aqr,348.972,-9.08769444,368.56,-17.02,350.74291667,-20.10033333,-120.27,-96.7
Aqr,331.44595833,0.31983333,17.9,-9.93,334.20820833,-7.78325,118.95,-21.91
Aqr,334.20820833,-7.78325,118.95,-21.91,331.60920833,-13.86952778,40.45,-57.16
Aqr,334.20820833,-7.78325,118.95,-21.91,337.66175,-10.67788889,1.79,-26.26
Aqr,337.66175,-10.67788889,1.79,-26.26,342.39795833,-13.59252778,-12.58,-38.8
Aqr,342.39795833,-13.59252778,-12.58,-38.8,343.66266667,-15.82075,-44.08,-24.81
Aqr,343.66266667,-15.82075,-44.08,-24.81,347.3615,-21.17247222,55.99,31.25
Aqr,311.918875,-9.49569444,31.89,-35.32,322.88966667,-5.57116667,22.79,-6.7
Ara,271.65783333,-50.09144444,-8.43,-9.26,262.9605,-49.87597222,-31.27,-67.15
Ara,262.9605,-49.87597222,-31.27,-67.15,254.655125,-55.99005556,-18.31,-35.29
Ara,254.655125,-55.99005556,-18.31,-35.29,252.44629167,-59.04130556,39.59,-25.28
Ara,252.44629167,-59.04130556,39.59,-25.28,262.77491667,-60.68361111,-53.65,-99.37
Ara,262.77491667,-60.68361111,-53.65,-99.37,261.34858333,-56.37769444,-0.77,-15.85
Ara,261.34858333,-56.37769444,-0.77,-15.85,261.325,-55.52983333,-8.23,-24.71
Ara,261.325,-55.52983333,-8.23,-24.71,271.65783333,-50.09144444,-8.43,-9.26
Ari,42.49579167,27.26077778,65.47,-116.59,31.792875,23.46277778,190.73,-145.77
Ari,31.792875,23.46277778,190.73,-145.77,28.65979167,20.80830556,96.32,-108.8
Ari,28.65979167,20.80830556,96.32,-108.8,28.382375,19.29408333,79.43,-99.1
Aur,89.93016667,37.21277778,42.09,-73.61,89.882375,44.94744444,-56.41,-0.88
Aur,89.882375,44.94744444,-56.41,-0.88,79.17208333,45.99902778,75.52,-427.13
Aur,79.17208333,45.99902778,75.52,-427.13,75.6195,41.07588889,8.88,-21.43
Aur,75.6195,41.07588889,8.88,-21.43,74.24841667,33.16613889,3.63,-18.54
Aur,81.57291667,28.60786111,23.28,-174.22,74.24841667,33.16613889,3.63,-18.54
Aur,81.57291667,28.60786111,23.28,-174.22,89.93016667,37.21277778,42.09,-73.61
Boo,220.28716667,13.72833333,52.36,-12.71,213.918125,19.18727778,-1093.45,-1999.4
Boo,213.918125,19.18727778,-1093.45,-1999.4,221.246875,27.07416667,-50.65,20.0
Boo,221.246875,27.07416667,-50.65,20.0,228.87541667,33.31511111,84.84,-110.57
Boo,228.87541667,33.31511111,84.84,-110.57,225.486625,40.39063889,-40.2,-29.22
Boo,225.486625,40.39063889,-40.2,-29.22,218.01983333,38.30788889,-115.55,151.87
Boo,218.01983333,38.30788889,-115.55,151.87,217.95775,30.37113889,-100.44,120.22
Boo,217.95775,30.37113889,-100.44,120.22,213.918125,19.18727778,-1093.45,-1999.4
Boo,213.918125,19.18727778,-1093.45,-1999.4,208.67133333,18.39858333,-60.95,-358.1
Boo,208.67133333,18.39858333,-60.95,-358.1,207.36958333,15.79780556,-93.64,40.76
Cae,67.70875,-44.95375,2.44,-2.48,70.14091667,-41.86358333,-141.18,-74.95
Cae,70.14091667,-41.86358333,-141.18,-74.95,70.514375,-37.14477778,46.9,193.14
Cam,52.26720833,59.94033333,-0.82,-1.85,59.356,63.07225,7.58,6.01
Cam,59.356,63.07225,7.58,6.01,73.51254167,66.34266667,0.49,7.31
Cam,52.26720833,59.94033333,-0.82,-1.85,57.5895,71.33236111,18.27,-42.0
Cam,57.5895,71.33236111,18.27,-42.0,73.51254167,66.34266667,0.49,7.31
Cam,57.5895,71.33236111,18.27,-42.0,80.64075,79.23075,-78.6,161.13
Cap,304.51341667,-12.54486111,61.78,2.85,305.25270833,-14.78138889,48.42,14.0
Cap,305.25270833,-14.78138889,48.42,14.0,316.48658333,-17.23272222,79.64,-61.64
Cap,316.48658333,-17.23272222,79.64,-61.64,320.56158333,-16.83455556,30.83,5.26
Cap,320.56158333,-16.83455556,30.83,5.26,325.02225,-16.66225,187.39,-22.33
Cap,325.02225,-16.66225,187.39,-22.33,326.75954167,-16.12655556,263.26,-296.23
Cap,320.56158333,-16.83455556,30.83,5.26,321.66679167,-22.41138889,-2.61,18.88
Cap,321.66679167,-22.41138889,-2.61,18.88,316.48658333,-17.23272222,79.64,-61.64
Cap,305.25270833,-14.78138889,48.42,14.0,311.52404167,-25.27052778,-51.38,-156.66
Cap,316.48658333,-17.23272222,79.64,-61.64,312.95541667,-26.91913889,-7.97,-2.54
Car,138.301,-69.71747222,-157.66,108.91,153.4345,-70.03791667,-35.73,7.55
Car,153.4345,-70.03791667,-35.73,7.55,160.73929167,-64.39447222,-18.87,12.06
Car,160.73929167,-64.39447222,-18.87,12.06,160.884625,-60.56663889,-15.22,3.12
Car,160.884625,-60.56663889,-15.22,3.12,167.1475,-58.97505556,-5.03,2.09
Car,167.1475,-58.97505556,-5.03,2.09,163.37320833,-58.85327778,79.75,38.65
Car,163.37320833,-58.85327778,79.75,38.65,156.96979167,-58.73941667,-13.25,2.21
Car,156.96979167,-58.73941667,-13.25,2.21,154.270875,-61.33233333,-24.25,6.38
Car,154.270875,-61.33233333,-24.25,6.38,139.272625,-59.27525,-19.03,13.11
Car,130.15433333,-59.76102778,-6.87,4.92,125.62858333,-59.50952778,-25.34,22.72
Car,125.62858333,-59.50952778,-25.34,22.72,95.987875,-52.69572222,19.99,23.67
Car,137.742125,-58.96691667,-17.67,14.14,139.272625,-59.27525,-19.03,13.11
Car,137.742125,-58.96691667,-17.67,14.14,130.15433333,-59.76102778,-6.87,4.92
Car,95.987875,-52.69572222,19.99,23.67,99.44029167,-43.19591667,-0.43,-3.99
Car,125.62858333,-59.50952778,-25.34,22.72,120.896125,-40.00319444,-30.82,16.77
Cas,28.59866667,63.67013889,31.98,-18.66,21.4525,60.23541667,297.24,-49.49
Cas,21.4525,60.23541667,297.24,-49.49,14.17708333,60.71675,25.65,-3.82
Cas,14.17708333,60.71675,25.65,-3.82,10.126625,56.53741667,50.36,-32.17
Cas,10.126625,56.53741667,50.36,-32.17,2.29204167,59.15022222,523.39,-180.42
Cen,219.92041667,-60.83513889,-3678.19,481.84,210.956,-60.37297222,-33.96,-25.06
Cen,210.956,-60.37297222,-33.96,-25.06,204.97195833,-53.46636111,-14.6,-12.79
Cen,204.97195833,-53.46636111,-14.6,-12.79,208.885125,-47.28827778,-57.14,-44.75
Cen,208.885125,-47.28827778,-57.14,-44.75,209.669875,-44.80352778,-27.97,-21.69
Cen,209.669875,-44.80352778,-27.97,-21.69,207.40420833,-42.47369444,-23.85,-19.22
Cen,207.40420833,-42.47369444,-23.85,-19.22,207.37625,-41.68766667,-26.01,-20.38
Cen,207.37625,-41.68766667,-26.01,-20.38,202.761125,-39.40727778,-15.65,-11.25
Cen,202.761125,-39.40727778,-15.65,-11.25,200.15029167,-36.71208333,-340.76,-87.98
Cen,207.37625,-41.68766667,-26.01,-20.38,211.67216667,-36.36869444,-519.29,-517.87
Cen,207.40420833,-42.47369444,-23.85,-19.22,218.876875,-42.15775,-35.31,-32.44
Cen,218.876875,-42.15775,-35.31,-32.44,224.79041667,-42.10413889,-17.76,-21.33
Cen,208.885125,-47.28827778,-57.14,-44.75,190.38,-48.95988889,-187.28,-1.2
Cen,190.38,-48.95988889,-187.28,-1.2,187.01004167,-50.23061111,-32.49,-12.41
Cen,187.01004167,-50.23061111,-32.49,-12.41,182.08975,-50.72241667,-47.53,-6.42
Cen,182.08975,-50.72241667,-47.53,-6.42,173.69045833,-54.26413889,-55.55,16.64
Cen,173.69045833,-54.26413889,-55.55,16.64,173.94554167,-63.01983333,-33.84,-6.87
Cep,332.71358333,58.20125,13.35,4.49,342.42045833,66.20072222,-66.1,-124.74
Cep,342.42045833,66.20072222,-66.1,-124.74,322.16491667,70.56069444,12.6,8.73
Cep,322.16491667,70.56069444,12.6,8.73,319.64408333,62.58544444,149.91,48.27
Cep,319.64408333,62.58544444,149.91,48.27,332.71358333,58.20125,13.35,4.49
Cep,342.42045833,66.20072222,-66.1,-124.74,354.83741667,77.63197222,-48.85,127.18
Cep,354.83741667,77.63197222,-48.85,127.18,322.16491667,70.56069444,12.6,8.73
Cet,33.25004167,8.84675,-26.23,-14.4,37.03966667,8.46008333,41.72,-14.46
Cet,26.021375,-15.93955556,-1721.82,854.07,10.89679167,-17.98669444,232.79,32.71
Cet,10.89679167,-17.98669444,232.79,32.71,4.857,-8.82383333,-14.37,-37.84
Cet,10.89679167,-17.98669444,232.79,32.71,17.14691667,-10.18191667,215.81,-138.33
Cet,17.14691667,-10.18191667,215.81,-138.33,21.00604167,-8.18275,-78.38,-206.88
Cet,21.00604167,-8.18275,-78.38,-206.88,27.86504167,-10.33494444,38.78,-38.04
Cet,27.86504167,-10.33494444,38.78,-38.04,36.48754167,-12.29044444,-11.71,-11.37
Cet,36.48754167,-12.29044444,-11.71,-11.37,39.89054167,-11.87158333,172.01,-236.31
Cet,39.89054167,-11.87158333,172.01,-236.31,41.030625,-13.85866667,-7.58,-8.4
Cet,41.030625,-13.85866667,-7.58,-8.4,38.022,-15.24433333,-80.92,-146.84
Cet,38.022,-15.24433333,-80.92,-146.84,26.021375,-15.93955556,-1721.82,854.07
Cet,34.836625,-2.97705556,10.33,-239.48,39.89054167,-11.87158333,172.01,-236.31
Cet,34.836625,-2.97705556,10.33,-239.48,39.870625,0.32852778,14.44,-2.53
Cet,39.870625,0.32852778,14.44,-2.53,40.8255,3.23616667,-146.43,-145.27
Cet,40.8255,3.23616667,-146.43,-145.27,45.56991667,4.08991667,-11.81,-78.76
Cet,45.56991667,4.08991667,-11.81,-78.76,44.92875,8.90738889,9.22,-14.92
Cet,44.92875,8.90738889,9.22,-14.92,41.234875,10.11422222,285.17,-30.4
Cet,41.234875,10.11422222,285.17,-30.4,37.03966667,8.46008333,41.72,-14.46
Cet,37.03966667,8.46008333,41.72,-14.46,38.96870833,5.59330556,-28.89,-22.76
Cet,38.96870833,5.59330556,-28.89,-22.76,40.8255,3.23616667,-146.43,-145.27
Cha,124.63029167,-76.91997222,109.84,106.92,158.86758333,-78.60780556,-38.0,11.53
Cha,158.86758333,-78.60780556,-38.0,11.53,184.58725,-79.31227778,-38.07,12.0
Cir,220.627875,-64.97458333,-192.64,-234.07,230.84441667,-59.32069444,-10.29,-36.57
Cir,220.627875,-64.97458333,-192.64,-234.07,229.379,-58.80088889,-98.39,-135.46
CMa,103.54783333,-12.03858333,-139.04,-14.47,105.93954167,-15.63325,-0.81,-11.2
CMa,105.93954167,-15.63325,-0.81,-11.2,104.03429167,-17.05425,-2.46,1.91
CMa,104.03429167,-17.05425,-2.46,1.91,101.28854167,-16.71313889,-546.01,-1223.08
CMa,101.28854167,-16.71313889,-546.01,-1223.08,105.756125,-23.83330556,-1.56,4.28
CMa,105.756125,-23.83330556,-1.56,4.28,107.097875,-26.39319444,-2.75,3.33
CMa,107.097875,-26.39319444,-2.75,3.33,108.70275,-26.77269444,-11.5,7.67
CMa,108.70275,-26.77269444,-11.5,7.67,111.02379167,-29.30311111,-3.76,6.66
CMa,104.65645833,-28.97208333,2.63,2.29,105.42979167,-27.93483333,-6.01,4.64
CMa,105.42979167,-27.93483333,-6.01,4.64,107.097875,-26.39319444,-2.75,3.33
CMa,105.42979167,-27.93483333,-6.01,4.64,103.554375,-23.92836111,-3.86,4.75
CMa,103.554375,-23.92836111,-3.86,4.75,99.17083333,-19.25572222,62.32,-69.91
CMa,99.17083333,-19.25572222,62.32,-69.91,98.76408333,-22.96483333,13.11,16.52
CMa,99.17083333,-19.25572222,62.32,-69.91,95.67495833,-17.95591667,-3.45,-0.47
CMa,99.17083333,-19.25572222,62.32,-69.91,101.28854167,-16.71313889,-546.01,-1223.08
CMa,104.65645833,-28.97208333,2.63,2.29,102.46029167,-32.5085,-9.18,4.04
CMa,95.07829167,-30.06338889,8.0,3.81,104.65645833,-28.97208333,2.63,2.29
CMa,104.03429167,-17.05425,-2.46,1.91,103.54783333,-12.03858333,-139.04,-14.47
CMi,114.82725,5.2275,-716.57,-1034.58,111.78779167,8.28941667,-50.28,-38.45
Cnc,131.67429167,28.76,-20.69,-43.95,130.82170833,21.46858333,-106.94,-39.25
Cnc,130.82170833,21.46858333,-106.94,-39.25,125.016125,27.21861111,-18.38,-376.26
Cnc,130.82170833,21.46858333,-106.94,-39.25,131.17129167,18.15486111,-17.1,-228.46
Cnc,131.17129167,18.15486111,-17.1,-228.46,124.12895833,9.18566667,-46.8,-48.65
Cnc,131.17129167,18.15486111,-17.1,-228.46,134.62166667,11.85777778,41.45,-29.22
Col,95.52854167,-33.43627778,-24.19,-52.48,94.13808333,-35.14072222,0.39,87.58
Col,94.13808333,-35.14072222,0.39,87.58,89.38420833,-35.28330556,-2.65,11.19
Col,89.38420833,-35.28330556,-2.65,11.19,87.73979167,-35.76930556,55.74,404.68
Col,87.73979167,-35.76930556,55.74,404.68,89.786625,-42.81511111,18.53,-11.45
Col,87.73979167,-35.76930556,55.74,404.68,84.91225,-34.07405556,-0.1,-24.05
Col,84.91225,-34.07405556,-0.1,-24.05,82.80308333,-35.47044444,28.36,-34.11
Com,197.498125,17.52911111,-445.95,129.69,197.9705,27.87602778,-801.94,882.7
Com,197.9705,27.87602778,-801.94,882.7,186.73470833,28.26861111,-83.41,-80.99
CrA,280.94558333,-38.32330556,1.12,-53.81,284.16870833,-37.34319444,8.79,-23.68
CrA,284.16870833,-37.34319444,8.79,-23.68,284.681125,-37.10708333,-132.25,-110.45
CrA,284.681125,-37.10708333,-132.25,-110.45,286.60433333,-37.06275,96.93,-279.67
CrA,286.60433333,-37.06275,96.93,-279.67,287.36783333,-37.90425,85.73,-96.65
CrA,287.36783333,-37.90425,85.73,-96.65,287.50729167,-39.34069444,5.89,-36.78
CrA,287.50729167,-39.34069444,5.89,-36.78,287.08720833,-40.49663889,48.05,-26.84
CrA,287.08720833,-40.49663889,48.05,-26.84,285.77845833,-42.095,55.74,-45.33
CrA,285.77845833,-42.095,55.74,-45.33,284.07070833,-42.71061111,-27.03,-30.48
CrA,280.94558333,-38.32330556,1.12,-53.81,278.08879167,-39.70391667,31.98,-37.62
CrB,233.2325,31.35916667,-19.62,-8.94,231.95770833,29.1055,-181.39,86.84
CrB,231.95770833,29.1055,-181.39,86.84,233.671625,26.71491667,120.38,-89.44
CrB,233.671625,26.71491667,120.38,-89.44,235.686,26.29552778,-112.52,50.7
CrB,235.686,26.29552778,-112.52,50.7,237.39875,26.06855556,-79.85,-63.78
CrB,237.39875,26.06855556,-79.85,-63.78,239.39708333,26.87802778,-76.55,-60.24
CrB,239.39708333,26.87802778,-76.55,-60.24,240.36079167,29.85108333,-38.2,-6.9
Crt,164.94479167,-18.29911111,-462.39,129.11,167.91454167,-22.82561111,4.73,-99.06
Crt,167.91454167,-22.82561111,4.73,-99.06,171.22075,-17.68402778,-97.01,3.22
Crt,171.22075,-17.68402778,-97.01,3.22,169.8355,-14.77905556,-124.47,206.61
Crt,169.8355,-14.77905556,-124.47,206.61,164.94479167,-18.29911111,-462.39,129.11
Crt,169.8355,-14.77905556,-124.47,206.61,171.15254167,-10.85938889,-24.14,24.46
Crt,171.15254167,-10.85938889,-24.14,24.46,174.170625,-9.80225,-59.32,2.82
Crt,174.170625,-9.80225,-59.32,2.82,179.00408333,-17.15080556,-49.07,-8.23
Crt,179.00408333,-17.15080556,-49.07,-8.23,176.19066667,-18.35061111,27.15,-24.56
Crt,176.19066667,-18.35061111,27.15,-24.56,171.22075,-17.68402778,-97.01,3.22
Cru,187.791375,-57.11255556,27.94,-264.33,186.64975,-63.09905556,-35.37,-14.73
Cru,191.9305,-59.68872222,-48.24,-12.82,183.7865,-58.74888889,-36.68,-10.72
Crv,188.01866667,-16.19586111,-424.37,-58.41,187.46658333,-16.51508333,-209.97,-139.3
Crv,187.46658333,-16.51508333,-209.97,-139.3,183.95195833,-17.54197222,-159.58,22.31
Crv,183.95195833,-17.54197222,-159.58,22.31,182.531375,-22.61980556,-71.52,10.55
Crv,182.531375,-22.61980556,-71.52,10.55,182.103125,-24.72877778,100.18,-39.33
Crv,182.531375,-22.61980556,-71.52,10.55,188.59679167,-23.39661111,0.86,-56.0
Crv,188.59679167,-23.39661111,0.86,-56.0,187.46658333,-16.51508333,-209.97,-139.3
CVn,188.437875,41.35677778,-705.06,292.93,194.00766667,38.31825,-233.43,54.98
Cyg,289.27545833,53.36816667,60.22,122.93,292.42641667,51.72947222,20.92,128.12
Cyg,292.42641667,51.72947222,20.92,128.12,296.2435,45.13069444,43.22,48.44
Cyg,296.2435,45.13069444,43.22,48.44,305.55708333,40.25669444,2.43,-0.93
Cyg,305.55708333,40.25669444,2.43,-0.93,310.35795833,45.28033333,1.56,1.55
Cyg,305.55708333,40.25669444,2.43,-0.93,311.55179167,33.96944444,356.16,330.28
Cyg,311.55179167,33.96944444,356.16,330.28,318.23408333,30.22708333,6.87,-68.12
Cyg,318.23408333,30.22708333,6.87,-68.12,326.035,28.74322222,260.33,-242.73
Cyg,305.55708333,40.25669444,2.43,-0.93,299.07666667,35.0835,-34.0,-27.6
Cyg,299.07666667,35.0835,-34.0,-27.6,292.680375,27.95969444,-7.09,-5.63
Del,308.30316667,11.30333333,10.75,-28.54,309.38695833,14.59519444,118.28,-47.65
Del,309.38695833,14.59519444,118.28,-47.65,309.909375,15.91205556,54.14,7.91
Del,309.909375,15.91205556,54.14,7.91,311.66466667,16.12477778,-25.88,-196.27
Del,311.66466667,16.12477778,-25.88,-196.27,310.86479167,15.07469444,-19.61,-41.74
Del,310.86479167,15.07469444,-19.61,-41.74,309.38695833,14.59519444,118.28,-47.65
Dor,86.19341667,-65.73552778,-28.38,6.12,88.52458333,-63.09102778,120.11,573.43
Dor,88.52458333,-63.09102778,120.11,573.43,83.40633333,-62.48986111,1.06,12.56
Dor,83.40633333,-62.48986111,1.06,12.56,86.19341667,-65.73552778,-28.38,6.12
Dor,83.40633333,-62.48986111,1.06,12.56,68.49883333,-55.045,58.06,12.73
Dor,68.49883333,-55.045,58.06,12.73,64.00620833,-51.48708333,100.57,184.23
Dra,268.38179167,56.87244444,93.65,78.44,269.15158333,51.48894444,-8.52,-23.05
Dra,269.15158333,51.48894444,-8.52,-23.05,262.60825,52.30136111,-15.59,11.57
Dra,262.60825,52.30136111,-15.59,11.57,263.06616667,55.17280556,143.71,62.46
Dra,263.06616667,55.17280556,143.71,62.46,268.38179167,56.87244444,93.65,78.44
Dra,268.38179167,56.87244444,93.65,78.44,288.138125,67.66130556,94.49,92.3
Dra,288.138125,67.66130556,94.49,92.3,297.04254167,70.26783333,80.18,39.02
Dra,297.04254167,70.26783333,80.18,39.02,275.25975,72.73369444,531.08,-351.59
Dra,275.25975,72.73369444,531.08,-351.59,257.19679167,65.71463889,-20.76,19.15
Dra,257.19679167,65.71463889,-20.76,19.15,245.99795833,61.51408333,-16.98,56.68
Dra,245.99795833,61.51408333,-16.98,56.68,240.47375,58.56444444,-320.07,334.96
Dra,240.47375,58.56444444,-320.07,334.96,231.23241667,58.96602778,-8.27,17.3
Dra,231.23241667,58.96602778,-8.27,17.3,211.097625,64.37580556,-56.52,17.19
Dra,211.097625,64.37580556,-56.52,17.19,188.371,69.78822222,-58.14,11.42
Dra,188.371,69.78822222,-58.14,11.42,172.85120833,69.33111111,-41.14,-18.79
Equ,317.58529167,10.13194444,49.07,-151.85,318.61995833,10.00772222,42.32,-303.43
Equ,318.61995833,10.00772222,42.32,-303.43,320.72325,6.81111111,52.66,11.15
Equ,320.72325,6.81111111,52.66,11.15,318.95583333,5.24808333,59.63,-94.33
Equ,318.95583333,5.24808333,59.63,-94.33,317.58529167,10.13194444,49.07,-151.85
Eri,24.428125,-57.23666667,88.02,-40.08,28.98679167,-51.60958333,681.24,284.23
Eri,28.98679167,-51.60958333,681.24,284.23,34.12708333,-51.51211111,90.75,-21.9
Eri,34.12708333,-51.51211111,90.75,-21.9,36.74625,-47.70383333,19.97,-5.44
Eri,36.74625,-47.70383333,19.97,-5.44,39.94966667,-42.89163889,92.11,-15.07
Eri,39.94966667,-42.89163889,92.11,-15.07,40.166375,-39.85530556,135.17,-27.34
Eri,40.166375,-39.85530556,135.17,-27.34,44.5655,-40.30472222,-53.53,25.71
Eri,44.5655,-40.30472222,-53.53,25.71,49.97175,-43.07155556,3038.08,726.34
Eri,49.97175,-43.07155556,3038.08,726.34,57.14925,-37.62013889,75.83,-10.69
Eri,57.14925,-37.62013889,75.83,-10.69,57.36366667,-36.20011111,-49.42,-56.63
Eri,57.36366667,-36.20011111,-49.42,-56.63,64.47341667,-33.79833333,62.31,-6.75
Eri,64.47341667,-33.79833333,62.31,-6.75,66.00904167,-34.017,73.77,57.57
Eri,66.00904167,-34.017,73.77,57.57,68.88779167,-30.56230556,-48.92,-12.75
Eri,68.88779167,-30.56230556,-48.92,-12.75,56.71245833,-23.24844444,-159.86,-528.54
Eri,56.71245833,-23.24844444,-159.86,-528.54,53.446875,-21.63280556,44.91,-27.47
Eri,53.446875,-21.63280556,44.91,-27.47,49.87904167,-21.75794444,51.35,32.2
Eri,49.87904167,-21.75794444,51.35,32.2,45.59829167,-23.62433333,-145.96,-55.76
Eri,45.59829167,-23.62433333,-145.96,-55.76,41.27491667,-18.57263889,330.93,36.28
Eri,41.27491667,-18.57263889,330.93,36.28,44.10666667,-8.89761111,77.73,-219.99
Eri,44.10666667,-8.89761111,77.73,-219.99,48.95845833,-8.81983333,-3.82,45.52
Eri,48.95845833,-8.81983333,-3.82,45.52,53.23508333,-9.45830556,-976.44,17.97
Eri,53.23508333,-9.45830556,-976.44,17.97,55.81233333,-9.76519444,-91.71,742.23
Eri,55.81233333,-9.76519444,-91.71,742.23,69.07975,-3.35244444,1.73,-4.54
Eri,69.07975,-3.35244444,1.73,-4.54,71.37558333,-3.25461111,17.27,-13.51
Eri,71.37558333,-3.25461111,17.27,-13.51,73.22366667,-5.45275,-18.01,25.03
Eri,73.22366667,-5.45275,-18.01,25.03,76.962625,-5.08625,-83.39,-75.44
Eri,76.962625,-5.08625,-83.39,-75.44,77.28658333,-8.75408333,0.0,-2.01
Eri,77.28658333,-8.75408333,0.0,-2.01,69.54529167,-14.30358333,-77.86,-178.06
For,42.27233333,-32.40627778,86.96,158.96,48.01783333,-28.98911111,371.49,612.26
Gem,99.42791667,16.39941667,-2.04,-66.92,106.02725,20.57030556,-5.72,-0.96
Gem,106.02725,20.57030556,-5.72,-0.96,110.03079167,21.98233333,-18.72,-7.76
Gem,110.03079167,21.98233333,-18.72,-7.76,109.523375,16.54047222,-46.09,-37.9
Gem,109.523375,16.54047222,-46.09,-37.9,101.322625,12.89605556,-115.16,-190.91
Gem,110.03079167,21.98233333,-18.72,-7.76,113.98070833,26.896,-39.58,-108.08
Gem,113.98070833,26.896,-39.58,-108.08,116.11195833,24.39813889,-22.45,-56.24
Gem,113.98070833,26.896,-39.58,-108.08,116.33066667,28.02630556,-625.69,-45.95
Gem,113.98070833,26.896,-39.58,-108.08,111.432,27.79827778,-121.28,-84.43
Gem,111.432,27.79827778,-121.28,-84.43,107.78495833,30.24527778,-31.0,-48.4
Gem,107.78495833,30.24527778,-31.0,-48.4,113.65,31.88863889,-206.33,-148.18
Gem,107.78495833,30.24527778,-31.0,-48.4,103.19725,33.96136111,-2.66,-47.67
Gem,107.78495833,30.24527778,-31.0,-48.4,100.98304167,25.13116667,-5.93,-12.81
Gem,100.98304167,25.13116667,-5.93,-12.81,97.24079167,20.21216667,-5.98,-14.08
Gem,100.98304167,25.13116667,-5.93,-12.81,95.73995833,22.51386111,56.84,-108.79
Gem,95.73995833,22.51386111,56.84,-108.79,93.71958333,22.50683333,-62.53,-10.24
Gem,93.71958333,22.50683333,-62.53,-10.24,91.03008333,23.26363889,-2.6,-119.72
Gru,346.719875,-43.52033333,-48.35,-13.98,337.31729167,-43.49555556,25.62,-4.23
Gru,337.31729167,-43.49555556,25.62,-4.23,332.05783333,-46.96061111,127.6,-147.91
Gru,332.05783333,-46.96061111,127.6,-147.91,340.666375,-46.88455556,135.68,-4.51
Gru,340.666375,-46.88455556,135.68,-4.51,347.58929167,-45.24663889,132.42,-26.27
Gru,347.58929167,-45.24663889,132.42,-26.27,346.719875,-43.52033333,-48.35,-13.98
Gru,340.666375,-46.88455556,135.68,-4.51,345.22029167,-52.75411111,-65.09,-12.91
Gru,340.666375,-46.88455556,135.68,-4.51,342.13833333,-51.31669444,108.47,-65.93
Gru,332.05783333,-46.96061111,127.6,-147.91,331.52875,-39.54305556,-24.16,-125.17
Gru,331.52875,-39.54305556,-24.16,-125.17,328.481875,-37.36483333,95.88,-12.1
Her,264.86620833,46.00633333,-7.17,3.97,269.06325,37.25052778,2.74,7.24
Her,269.06325,37.25052778,2.74,7.24,260.92070833,37.14591667,-38.58,9.19
Her,260.92070833,37.14591667,-38.58,9.19,259.417875,37.29133333,-42.74,63.76
Her,259.417875,37.29133333,-42.74,63.76,258.761875,36.80916667,-27.35,2.7
Her,258.761875,36.80916667,-27.35,2.7,250.72391667,38.92247222,35.58,-84.98
Her,250.72391667,38.92247222,35.58,-84.98,248.52579167,42.43688889,-9.03,59.8
Her,248.52579167,42.43688889,-9.03,59.8,244.93520833,46.31327778,-13.15,39.31
Her,244.93520833,46.31327778,-13.15,39.31,238.16745833,42.45,438.97,629.52
Her,250.72391667,38.92247222,35.58,-84.98,250.32283333,31.60188889,-462.58,345.05
Her,250.32283333,31.60188889,-462.58,345.05,247.55525,21.48963889,-98.43,-14.49
Her,247.55525,21.48963889,-98.43,-14.49,245.48016667,19.15302778,-47.44,44.61
Her,250.32283333,31.60188889,-462.58,345.05,255.07254167,30.92633333,-47.68,26.89
Her,255.07254167,30.92633333,-47.68,26.89,262.68458333,26.11061111,18.39,16.78
Her,262.68458333,26.11061111,18.39,16.78,258.758,24.83958333,-21.14,-157.68
Her,266.6155,27.7225,-291.42,-750.0,269.44095833,29.24791667,82.33,-18.73
Her,269.44095833,29.24791667,82.33,-18.73,271.885625,28.76247222,-0.17,7.51
Her,269.44095833,29.24791667,82.33,-18.73,266.6155,27.7225,-291.42,-750.0
Her,255.07254167,30.92633333,-47.68,26.89,258.761875,36.80916667,-27.35,2.7
Hor,63.50033333,-42.29386111,41.89,-203.65,40.16491667,-54.54991667,32.76,5.24
Hor,40.16491667,-54.54991667,32.76,5.24,45.90375,-59.73761111,-72.81,-63.89
Hya,130.80620833,3.39866667,-19.14,-1.29,129.689375,3.34147222,-19.03,-16.29
Hya,129.689375,3.34147222,-19.03,-16.29,129.41420833,5.70380556,-70.27,-6.99
Hya,129.41420833,5.70380556,-70.27,-6.99,131.694375,6.41891667,-231.04,-40.17
Hya,131.694375,6.41891667,-231.04,-40.17,132.10825,5.83788889,-17.51,-29.79
Hya,132.10825,5.83788889,-17.51,-29.79,130.80620833,3.39866667,-19.14,-1.29
Hya,132.10825,5.83788889,-17.51,-29.79,133.84866667,5.94552778,-99.76,14.65
Hya,133.84866667,5.94552778,-99.76,14.65,138.59079167,2.31502778,112.57,-306.07
Hya,138.59079167,2.31502778,112.57,-306.07,142.99554167,-1.18466667,-11.42,-3.87
Hya,142.99554167,-1.18466667,-11.42,-3.87,142.28683333,-2.76894444,100.93,-3.15
Hya,142.28683333,-2.76894444,100.93,-3.15,141.896875,-8.65869444,-14.49,33.25
Hya,141.896875,-8.65869444,-14.49,33.25,147.8695,-14.84655556,18.68,-21.88
Hya,147.8695,-14.84655556,18.68,-21.88,152.6475,-12.35383333,-200.33,-100.28
Hya,152.6475,-12.35383333,-200.33,-100.28,156.52295833,-16.83608333,-128.51,-80.06
Hya,156.52295833,-16.83608333,-128.51,-80.06,162.40595833,-16.19413889,92.77,199.02
Hya,162.40595833,-16.19413889,92.77,199.02,173.25108333,-31.85752778,-209.09,-41.6
Hya,173.25108333,-31.85752778,-209.09,-41.6,178.22733333,-33.90813889,-58.02,2.4
Hya,178.22733333,-33.90813889,-58.02,2.4,197.26366667,-23.11797222,-19.97,-39.9
Hya,197.26366667,-23.11797222,-19.97,-39.9,199.73020833,-23.17141667,68.41,-41.09
Hyi,6.41333333,-77.25502778,2220.12,324.37,56.80929167,-74.23925,51.07,115.27
Hyi,56.80929167,-74.23925,51.07,115.27,39.89675,-68.26694444,87.4,0.56
Hyi,39.89675,-68.26694444,87.4,0.56,35.43758333,-68.65941667,-50.07,2.38
Hyi,35.43758333,-68.65941667,-50.07,2.38,29.691125,-61.56991667,262.54,26.88
Ind,319.96616667,-53.44927778,107.37,-67.12,309.391625,-47.29166667,49.2,66.07
Ind,309.391625,-47.29166667,49.2,66.07,313.70241667,-58.45408333,21.06,-24.75
Ind,313.70241667,-58.45408333,21.06,-24.75,319.96616667,-53.44927778,107.37,-67.12
Lac,333.992375,37.74872222,8.74,0.76,337.62191667,43.12338889,-2.05,-5.76
Lac,337.62191667,43.12338889,-2.05,-5.76,337.38258333,47.70688889,-0.6,-3.37
Lac,337.38258333,47.70688889,-0.6,-3.37,336.12916667,49.47638889,-5.12,-3.37
Lac,336.12916667,49.47638889,-5.12,-3.37,335.89016667,52.2295,-13.56,-186.37
Lac,335.89016667,52.2295,-13.56,-186.37,337.82241667,50.28244444,137.22,17.15
Lac,337.82241667,50.28244444,137.22,17.15,337.38258333,47.70688889,-0.6,-3.37
Leo,177.26616667,14.57233333,-499.02,-113.78,168.56016667,15.42975,-59.01,-79.37
Leo,168.56016667,15.42975,-59.01,-79.37,152.09358333,11.96719444,-249.4,4.91
Leo,152.09358333,11.96719444,-249.4,4.91,151.833125,16.76266667,-1.94,-0.53
Leo,151.833125,16.76266667,-1.94,-0.53,154.99233333,19.84186111,310.77,-152.88
Leo,154.99233333,19.84186111,310.77,-152.88,168.52670833,20.52402778,143.31,-130.43
Leo,168.52670833,20.52402778,143.31,-130.43,177.26616667,14.57233333,-499.02,-113.78
Leo,154.99233333,19.84186111,310.77,-152.88,154.1725,23.41733333,19.84,-7.3
Leo,154.1725,23.41733333,19.84,-7.3,148.1915,26.00708333,-216.29,-54.92
Leo,148.1915,26.00708333,-216.29,-54.92,146.46291667,23.77427778,-46.09,-9.57
Leo,168.52670833,20.52402778,143.31,-130.43,168.56016667,15.42975,-59.01,-79.37
Lep,91.538875,-14.93527778,-16.87,13.16,89.10133333,-14.16802778,-42.23,139.02
Lep,89.10133333,-14.16802778,-42.23,139.02,86.73895833,-14.82194444,-14.84,-1.18
Lep,86.73895833,-14.82194444,-14.84,-1.18,83.18254167,-17.82230556,3.27,1.54
Lep,83.18254167,-17.82230556,3.27,1.54,78.23279167,-16.20541667,45.66,-16.13
Lep,83.18254167,-17.82230556,3.27,1.54,87.82979167,-20.8775,228.96,-647.96
Lep,87.82979167,-20.8775,228.96,-647.96,86.11654167,-22.4475,-292.42,-368.45
Lep,86.11654167,-22.4475,-292.42,-368.45,82.061375,-20.75922222,-5.03,-85.92
Lep,82.061375,-20.75922222,-5.03,-85.92,76.36520833,-22.37086111,19.27,-72.35
Lep,83.18254167,-17.82230556,3.27,1.54,82.061375,-20.75922222,-5.03,-85.92
Lep,78.23279167,-16.20541667,45.66,-16.13,79.893875,-13.17677778,-2.49,-4.74
Lep,78.23279167,-16.20541667,45.66,-16.13,78.307875,-12.94127778,-12.22,-1.32
Lep,76.36520833,-22.37086111,19.27,-72.35,78.23279167,-16.20541667,45.66,-16.13
Lep,78.307875,-12.94127778,-12.22,-1.32,78.07454167,-11.86913889,24.95,-31.22
Lep,79.893875,-13.17677778,-2.49,-4.74,79.99595833,-12.31561111,-12.12,7.97
Lib,238.45616667,-16.72961111,100.12,135.27,233.88141667,-14.78955556,65.67,6.93
Lib,233.88141667,-14.78955556,65.67,6.93,229.25195833,-9.38286111,-96.39,-20.76
Lib,229.25195833,-9.38286111,-96.39,-20.76,222.71991667,-16.04161111,-105.69,-69.0
Lib,222.71991667,-16.04161111,-105.69,-69.0,226.01775,-25.28186111,-71.85,-44.69
Lib,226.01775,-25.28186111,-71.85,-44.69,233.88141667,-14.78955556,65.67,6.93
LMi,163.32766667,34.21555556,92.47,-286.06,156.97120833,36.70747222,-127.52,-109.62
LMi,156.97120833,36.70747222,-127.52,-109.62,151.85720833,35.24469444,50.97,0.64
LMi,151.85720833,35.24469444,50.97,0.64,143.55575,36.39761111,6.82,-22.89
LMi,151.85720833,35.24469444,50.97,0.64,163.32766667,34.21555556,92.47,-286.06
Lup,237.73975,-33.62711111,-5.92,-24.91,241.817375,-36.75552778,52.54,-56.45
Lup,241.817375,-36.75552778,52.54,-56.45,240.03058333,-38.39663889,-16.58,-27.06
Lup,240.03058333,-38.39663889,-16.58,-27.06,237.73975,-33.62711111,-5.92,-24.91
Lup,240.03058333,-38.39663889,-16.58,-27.06,233.78525,-41.16669444,-16.05,-25.52
Lup,233.78525,-41.16669444,-16.05,-25.52,230.34308333,-40.64747222,-19.11,-24.05
Lup,230.34308333,-40.64747222,-19.11,-24.05,230.45183333,-36.26116667,-91.85,-86.03
Lup,230.34308333,-40.64747222,-19.11,-24.05,224.633125,-43.13386111,-34.06,-38.3
Lup,233.78525,-41.16669444,-16.05,-25.52,234.51383333,-42.56747222,-147.6,56.35
Lup,234.51383333,-42.56747222,-147.6,56.35,228.07166667,-52.09908333,-113.94,-71.0
Lup,228.07166667,-52.09908333,-113.94,-71.0,220.482375,-47.38813889,-21.15,-24.22
Lup,228.07166667,-52.09908333,-113.94,-71.0,219.471875,-49.42575,-27.78,-29.05
Lup,220.482375,-47.38813889,-21.15,-24.22,216.545,-45.37925,13.55,-6.35
Lup,220.482375,-47.38813889,-21.15,-24.22,224.633125,-43.13386111,-34.06,-38.3
Lyn,140.26441667,34.39252778,-222.8,14.78,139.711125,36.80288889,-32.61,-123.78
Lyn,139.711125,36.80288889,-32.61,-123.78,136.63245833,38.45225,-28.37,-14.34
Lyn,136.63245833,38.45225,-28.37,-14.34,135.16145833,41.78344444,-487.67,-219.29
Lyn,135.16145833,41.78344444,-487.67,-219.29,125.708875,43.18836111,-25.62,-99.44
Lyn,125.708875,43.18836111,-25.62,-99.44,111.67858333,49.21163889,-10.79,-48.57
Lyn,111.67858333,49.21163889,-10.79,-48.57,104.31916667,58.42305556,6.58,-123.53
Lyn,104.31916667,58.42305556,6.58,-123.53,94.90579167,59.01091667,-3.51,24.43
Lyr,279.234125,38.783,201.02,287.46,281.19308333,37.60505556,29.26,26.57
Lyr,281.19308333,37.60505556,29.26,26.57,282.51995833,33.36266667,1.1,-4.46
Lyr,282.51995833,33.36266667,1.1,-4.46,284.73591667,32.68955556,-2.76,1.77
Lyr,284.73591667,32.68955556,-2.76,1.77,283.62620833,36.89861111,-6.73,3.26
Lyr,283.62620833,36.89861111,-6.73,3.26,281.19308333,37.60505556,29.26,26.57
Men,82.96941667,-76.34166667,143.2,287.75,70.76645833,-70.93111111,9.3,34.77
Mic,319.484375,-32.17247222,55.46,-22.12,315.32275,-32.25777778,-2.09,-0.19
Mic,315.32275,-32.25777778,-2.09,-0.19,312.492,-33.77966667,3.71,-20.19
Mon,93.71391667,-6.27472222,-6.18,-20.06,97.20445833,-7.03305556,-7.0,-4.97
Mon,97.20445833,-7.03305556,-7.0,-4.97,107.96608333,0.49277778,-0.22,6.68
Mon,107.96608333,0.49277778,-0.22,6.68,95.94208333,4.59283333,-20.88,10.75
Mon,95.94208333,4.59283333,-20.88,10.75,92.24125,2.49972222,-1.75,-14.17
Mon,107.96608333,0.49277778,-0.22,6.68,122.14858333,-2.98377778,-16.79,-3.89
Mon,122.14858333,-2.98377778,-16.79,-3.89,115.312,-9.55108333,-74.8,-19.64
Mus,191.57029167,-68.10808333,-40.4,-10.32,176.402375,-66.72883333,-100.42,33.21
Mus,176.402375,-66.72883333,-100.42,33.21,188.117125,-72.13297222,-50.59,-5.16
Mus,188.117125,-72.13297222,-50.59,-5.16,189.29616667,-69.13552778,-39.87,-12.44
Mus,189.29616667,-69.13552778,-39.87,-12.44,191.57029167,-68.10808333,-40.4,-10.32
Nor,243.36970833,-54.63041667,-5.33,-22.48,244.96070833,-50.15538889,-159.36,-52.84
Nor,244.96070833,-50.15538889,-159.36,-52.84,246.79604167,-47.55472222,-13.72,-20.63
Nor,246.79604167,-47.55472222,-13.72,-20.63,240.80358333,-49.22972222,41.18,10.39
Nor,240.80358333,-49.22972222,41.18,10.39,244.96070833,-50.15538889,-159.36,-52.84
Nor,240.80358333,-49.22972222,41.18,10.39,243.36970833,-54.63041667,-5.33,-22.48
Oct,325.368625,-77.38947222,64.83,-240.38,341.5155,-81.38161111,-55.35,0.88
Oct,341.5155,-81.38161111,-55.35,0.88,216.73225,-83.66786111,-95.79,-12.91
Oct,216.73225,-83.66786111,-95.79,-12.91,325.368625,-77.38947222,64.83,-240.38
Oph,263.73333333,12.56058333,110.08,-222.61,265.86825,4.56691667,-40.67,158.8
Oph,257.59441667,-15.72513889,41.16,97.65,265.86825,4.56691667,-40.67,158.8
Oph,263.73333333,12.56058333,110.08,-222.61,254.41779167,9.37505556,-293.03,-9.7
Oph,254.41779167,9.37505556,-293.03,-9.7,244.58016667,-4.69261111,82.39,40.08
Oph,244.58016667,-4.69261111,82.39,40.08,249.28970833,-10.56713889,13.07,25.44
Oph,249.28970833,-10.56713889,13.07,25.44,257.59441667,-15.72513889,41.16,97.65
Oph,257.59441667,-15.72513889,41.16,97.65,262.85395833,-23.96258333,4.91,-25.9
Ori,85.18966667,-1.94258333,3.99,2.54,84.053375,-1.20191667,1.49,-1.06
Ori,84.053375,-1.20191667,1.49,-1.06,83.00166667,0.29908333,1.67,0.56
Ori,90.864,19.69061111,9.81,-20.29,92.985,14.20880556,-1.59,-20.23
Ori,92.985,14.20880556,-1.59,-20.23,91.893,14.76852778,4.95,-21.18
Ori,91.893,14.76852778,4.95,-21.18,88.59616667,20.27641667,-163.17,-98.92
Ori,92.985,14.20880556,-1.59,-20.23,90.59579167,9.64736111,14.19,-37.44
Ori,90.59579167,9.64736111,14.19,-37.44,88.792875,7.40702778,27.33,10.86
Ori,88.792875,7.40702778,27.33,10.86,85.18966667,-1.94258333,3.99,2.54
Ori,85.18966667,-1.94258333,3.99,2.54,86.939125,-9.66961111,1.55,-1.2
Ori,86.939125,-9.66961111,1.55,-1.2,78.63445833,-8.20163889,1.87,-0.56
Ori,78.63445833,-8.20163889,1.87,-0.56,83.00166667,0.29908333,1.67,0.56
Ori,83.00166667,0.29908333,1.67,0.56,81.28279167,6.34972222,-8.75,-13.28
Ori,81.28279167,6.34972222,-8.75,-13.28,83.7845,9.93416667,-1.03,-1.86
Ori,83.7845,9.93416667,-1.03,-1.86,88.792875,7.40702778,27.33,10.86
Ori,81.28279167,6.34972222,-8.75,-13.28,72.45891667,6.96125,463.44,11.62
Ori,72.45891667,6.96125,463.44,11.62,72.80154167,5.60511111,-3.62,1.03
Ori,72.80154167,5.60511111,-3.62,1.03,73.34483333,2.50827778,29.67,-16.4
Ori,73.34483333,2.50827778,29.67,-16.4,74.63708333,1.71402778,-1.59,-7.93
Ori,72.45891667,6.96125,463.44,11.62,72.653,8.90025,-0.87,-31.57
Ori,72.653,8.90025,-0.87,-31.57,73.72375,10.15113889,40.08,-128.37
Ori,91.893,14.76852778,4.95,-21.18,90.59579167,9.64736111,14.19,-37.44
Pav,306.411875,-56.73488889,7.71,-86.15,321.610375,-65.36813889,81.08,800.68
Pav,321.610375,-65.36813889,81.08,800.68,311.23983333,-66.20325,-42.4,10.57
Pav,311.23983333,-66.20325,-42.4,10.57,302.17441667,-66.17933333,1210.29,-1130.34
Pav,302.17441667,-66.17933333,1210.29,-1130.34,306.411875,-56.73488889,7.71,-86.15
Pav,302.17441667,-66.17933333,1210.29,-1130.34,300.14745833,-72.91019444,80.54,-131.34
Pav,300.14745833,-72.91019444,80.54,-131.34,280.758875,-71.42772222,1.25,-158.29
Pav,280.758875,-71.42772222,1.25,-158.29,284.23766667,-67.23352778,-7.83,16.65
Pav,284.23766667,-67.23352778,-7.83,16.65,302.17441667,-66.17933333,1210.29,-1130.34
Pav,284.23766667,-67.23352778,-7.83,16.65,283.05433333,-62.18755556,-1.33,-13.53
Pav,283.05433333,-62.18755556,-1.33,-13.53,275.80675,-61.49391667,0.53,1.7
Pav,275.80675,-61.49391667,0.53,1.7,272.14495833,-63.66805556,17.45,-207.64
Pav,272.14495833,-63.66805556,17.45,-207.64,283.05433333,-62.18755556,-1.33,-13.53
Pav,272.14495833,-63.66805556,17.45,-207.64,266.43333333,-64.72372222,-11.08,-56.37
Peg,3.30895833,15.18361111,4.7,-8.24,346.19008333,15.20536111,61.1,-42.56
Peg,345.94304167,28.08244444,187.76,137.61,340.75054167,30.22130556,13.11,-26.11
Peg,340.75054167,30.22130556,13.11,-26.11,332.307,33.1725,-60.0,-65.86
Peg,345.94304167,28.08244444,187.76,137.61,342.50041667,24.60169444,144.11,-43.44
Peg,342.50041667,24.60169444,144.11,-43.44,341.63266667,23.56566667,56.99,-10.46
Peg,341.63266667,23.56566667,56.99,-10.46,331.75195833,25.34505556,296.73,26.93
Peg,331.75195833,25.34505556,296.73,26.93,326.16125,25.645,46.66,13.47
Peg,346.19008333,15.20536111,61.1,-42.56,341.67266667,12.17408333,233.06,-492.04
Peg,341.67266667,12.17408333,233.06,-492.04,340.36529167,10.83138889,77.38,-10.98
Peg,340.36529167,10.83138889,77.38,-10.98,332.54925,6.19777778,281.96,31.23
Peg,332.54925,6.19777778,281.96,31.23,326.04641667,9.875,30.02,1.38
Peg,2.09654167,29.09083333,135.68,-162.95,345.94304167,28.08244444,187.76,137.61
Peg,2.09654167,29.09083333,135.68,-162.95,3.30895833,15.18361111,4.7,-8.24
Peg,345.94304167,28.08244444,187.76,137.61,346.19008333,15.20536111,61.1,-42.56
Per,56.07970833,32.28827778,8.11,-10.32,58.533,31.88366667,4.41,-9.15
Per,58.533,31.88366667,4.41,-9.15,59.74125,35.79102778,1.92,2.3
Per,59.74125,35.79102778,1.92,2.3,59.46341667,40.01027778,12.61,-24.06
Per,59.46341667,40.01027778,12.61,-24.06,55.73116667,47.78766667,23.83,-41.93
Per,55.73116667,47.78766667,23.83,-41.93,51.080625,49.86125,24.11,-26.01
Per,51.080625,49.86125,24.11,-26.01,46.199125,53.50644444,0.5,-4.19
Per,46.199125,53.50644444,0.5,-4.19,42.674125,55.89552778,16.64,-13.76
Per,51.080625,49.86125,24.11,-26.01,47.04220833,40.95563889,2.39,-1.44
Per,47.04220833,40.95563889,2.39,-1.44,46.29375,38.84052778,128.69,-106.61
Per,46.29375,38.84052778,128.69,-106.61,42.64545833,38.31891667,195.68,-108.92
Phe,17.09608333,-55.24583333,21.17,29.7,16.52129167,-46.7185,-70.16,31.6
Phe,16.52129167,-46.7185,-70.16,31.6,6.5505,-43.67991667,106.14,32.83
Phe,6.5505,-43.67991667,106.14,32.83,17.09608333,-55.24583333,21.17,29.7
Phe,16.52129167,-46.7185,-70.16,31.6,22.81241667,-49.07308333,138.22,154.2
Phe,22.81241667,-49.07308333,138.22,154.2,28.41175,-46.30244444,-92.38,-91.46
Phe,28.41175,-46.30244444,-92.38,-91.46,16.52129167,-46.7185,-70.16,31.6
Phe,16.52129167,-46.7185,-70.16,31.6,22.09141667,-43.31772222,-18.21,-207.71
Phe,22.09141667,-43.31772222,-18.21,-207.71,6.5505,-43.67991667,106.14,32.83
Phe,6.5505,-43.67991667,106.14,32.83,6.57029167,-42.30511111,232.76,-353.64
Phe,6.57029167,-42.30511111,232.76,-353.64,2.35225,-45.747,122.15,-180.13
Phe,2.35225,-45.747,122.15,-180.13,6.5505,-43.67991667,106.14,32.83
Pic,102.04808333,-61.94197222,-68.39,242.03,87.45658333,-56.1665,81.61,-71.77
Pic,87.45658333,-56.1665,81.61,-71.77,86.82116667,-51.06672222,4.65,81.96
PsA,344.41179167,-29.62183333,329.22,-164.22,340.163875,-27.04361111,22.01,-0.88
PsA,340.163875,-27.04361111,22.01,-0.88,330.20925,-28.45375,14.81,0.3
PsA,330.20925,-28.45375,14.81,0.3,326.93404167,-30.89830556,-34.53,0.64
PsA,326.93404167,-30.89830556,-34.53,0.64,332.53533333,-32.54844444,428.62,13.83
PsA,332.53533333,-32.54844444,428.62,13.83,337.87620833,-32.34602778,59.64,-18.7
PsA,337.87620833,-32.34602778,59.64,-18.7,343.98704167,-32.53969444,10.84,30.32
Psc,15.70454167,31.80433333,15.53,-30.38,18.43725,24.58377778,18.58,-21.26
Psc,15.70454167,31.80433333,15.53,-30.38,19.86658333,27.26408333,26.21,-11.62
Psc,19.86658333,27.26408333,26.21,-11.62,18.43725,24.58377778,18.58,-21.26
Psc,18.43725,24.58377778,18.58,-21.26,22.87079167,15.34583333,25.73,-3.29
Psc,22.87079167,15.34583333,25.73,-3.29,26.34829167,9.15763889,70.82,38.99
Psc,26.34829167,9.15763889,70.82,38.99,30.51166667,2.76375,33.29,-0.42
Psc,30.51166667,2.76375,33.29,-0.42,28.38891667,3.18747222,23.69,23.9
Psc,28.38891667,3.18747222,23.69,23.9,25.35795833,5.48761111,-22.73,3.61
Psc,25.35795833,5.48761111,-22.73,3.61,22.54558333,6.14394444,293.23,-46.36
Psc,22.54558333,6.14394444,293.23,-46.36,15.73608333,7.89008333,-80.57,25.88
Psc,15.73608333,7.89008333,-80.57,25.88,12.07225,7.29991667,111.61,3.41
Psc,12.07225,7.29991667,111.61,3.41,5.14941667,8.19025,-4.5,9.59
Psc,5.14941667,8.19025,-4.5,9.59,359.8275,6.86358333,148.49,-112.16
Psc,359.8275,6.86358333,148.49,-112.16,354.98675,5.62736111,376.32,-437.0
Psc,354.98675,5.62736111,376.32,-437.0,355.512,1.78041667,-129.55,-154.87
Psc,355.512,1.78041667,-129.55,-154.87,351.73295833,1.25583333,85.6,-94.43
Psc,351.73295833,1.25583333,85.6,-94.43,349.28954167,3.28225,760.35,17.96
Psc,349.28954167,3.28225,760.35,17.96,351.992375,6.37911111,-123.83,-43.26
Psc,351.992375,6.37911111,-123.83,-43.26,354.98675,5.62736111,376.32,-437.0
Pup,121.88625,-24.30444444,-83.29,46.38,117.25708333,-24.91225,-34.68,14.71
Pup,117.25708333,-24.91225,-34.68,14.71,109.28566667,-37.0975,-10.57,7.0
Pup,109.28566667,-37.0975,-10.57,7.0,99.44029167,-43.19591667,-0.43,-3.99
Pup,99.44029167,-43.19591667,-0.43,-3.99,102.48391667,-50.61438889,34.23,-65.85
Pup,102.48391667,-50.61438889,34.23,-65.85,112.30783333,-43.30188889,-59.86,188.73
Pup,112.30783333,-43.30188889,-59.86,188.73,120.896125,-40.00319444,-30.82,16.77
Pup,120.896125,-40.00319444,-30.82,16.77,121.88625,-24.30444444,-83.29,46.38
Pyx,130.02558333,-35.30830556,9.68,-21.18,130.898125,-33.18641667,-14.28,10.6
Pyx,130.898125,-33.18641667,-14.28,10.6,132.633375,-27.71005556,-133.49,88.16
Ret,63.60595833,-62.47397222,41.64,49.72,64.12116667,-59.30175,-47.99,-167.81
Ret,64.12116667,-59.30175,-47.99,-167.81,59.68641667,-61.40013889,9.79,-14.39
Ret,59.68641667,-61.40013889,9.79,-14.39,56.048125,-64.80708333,308.39,78.72
Ret,56.048125,-64.80708333,308.39,78.72,63.60595833,-62.47397222,41.64,49.72
Scl,353.24245833,-37.81836111,96.39,37.58,14.65145833,-29.35747222,22.44,6.3
Scl,14.65145833,-29.35747222,22.44,6.3,349.70595833,-32.53183333,19.65,-78.57
Scl,349.70595833,-32.53183333,19.65,-78.57,353.24245833,-37.81836111,96.39,37.58
Sco,263.40220833,-37.10375,-8.9,-29.95,265.622,-39.02991667,-6.49,-25.55
Sco,265.622,-39.02991667,-6.49,-25.55,266.89616667,-40.12697222,0.44,-6.4
Sco,266.89616667,-40.12697222,0.44,-6.4,264.32970833,-42.99783333,6.06,-0.95
Sco,264.32970833,-42.99783333,6.06,-0.95,258.03825,-43.2385,22.01,-287.41
Sco,258.03825,-43.2385,22.01,-287.41,253.498875,-42.36202778,-0.48,-2.17
Sco,253.498875,-42.36202778,-0.48,-2.17,252.96766667,-38.04733333,-8.84,-21.6
Sco,252.96766667,-38.04733333,-8.84,-21.6,252.54266667,-34.29261111,-611.83,-255.87
Sco,252.54266667,-34.29261111,-611.83,-255.87,248.97066667,-28.21597222,-8.59,-22.5
Sco,248.97066667,-28.21597222,-8.59,-22.5,247.35195833,-26.43194444,-10.16,-23.21
Sco,247.35195833,-26.43194444,-10.16,-23.21,240.083375,-22.62161111,-8.67,-36.9
Sco,247.35195833,-26.43194444,-10.16,-23.21,239.713,-26.11405556,-12.0,-25.71
Sco,247.35195833,-26.43194444,-10.16,-23.21,241.35929167,-19.80538889,-6.75,-24.89
Sct,281.79366667,-4.74783333,-7.71,-15.89,281.87075,-5.70508333,-44.09,-31.36
Sct,281.87075,-5.70508333,-44.09,-31.36,283.67966667,-15.60302778,-2.38,-5.64
Sct,283.67966667,-15.60302778,-2.38,-5.64,277.299375,-14.56580556,3.07,-3.48
Sct,277.299375,-14.56580556,3.07,-3.48,278.80183333,-8.24330556,-18.98,-314.63
Sct,278.80183333,-8.24330556,-18.98,-314.63,281.79366667,-4.74783333,-7.71,-15.89
Ser,237.40529167,-3.43013889,-98.07,-27.41,237.70370833,4.47758333,127.98,61.87
Ser,237.70370833,4.47758333,127.98,61.87,236.06666667,6.42552778,134.66,44.14
Ser,236.06666667,6.42552778,134.66,44.14,233.70079167,10.53886111,-72.63,3.17
Ser,233.70079167,10.53886111,-72.63,3.17,236.54670833,15.42191667,68.54,-41.31
Ser,236.54670833,15.42191667,68.54,-41.31,239.11245833,15.66472222,311.2,-1282.17
Ser,239.11245833,15.66472222,311.2,-1282.17,237.18504167,18.14177778,-51.78,-88.72
Ser,237.18504167,18.14177778,-51.78,-88.72,236.54670833,15.42191667,68.54,-41.31
Ser,284.05483333,4.20352778,37.69,26.98,275.32883333,-2.89711111,-547.57,-700.72
Ser,275.32883333,-2.89711111,-547.57,-700.72,265.35383333,-12.87516667,-72.16,-55.22
Ser,265.35383333,-12.87516667,-72.16,-55.22,264.39679167,-15.39841667,-39.3,-61.27
Ser,264.39679167,-15.39841667,-39.3,-61.27,260.20683333,-12.84688889,42.75,2.72
Sex,157.57291667,0.63697222,-40.12,-22.17,151.98458333,0.37163889,-26.17,-3.65
Sge,295.26220833,17.47611111,9.06,-33.9,296.84695833,18.53425,-4.58,11.1
Sge,296.84695833,18.53425,-4.58,11.1,295.02408333,18.01394444,15.09,-19.72
Sge,296.84695833,18.53425,-4.58,11.1,299.689125,19.49208333,64.37,22.58
Sge,299.689125,19.49208333,64.37,22.58,301.28945833,19.99088889,30.61,79.65
Sgr,275.24841667,-29.82802778,29.96,-26.38,276.99279167,-25.42125,-44.81,-186.29
Sgr,274.40720833,-36.76127778,-129.27,-166.61,276.043125,-34.38430556,-39.61,-124.05
Sgr,276.043125,-34.38430556,-39.61,-124.05,271.45216667,-30.42363889,-55.75,-181.53
Sgr,271.45216667,-30.42363889,-55.75,-181.53,266.890125,-27.83075,-3.62,-10.67
Sgr,271.45216667,-30.42363889,-55.75,-181.53,275.24841667,-29.82802778,29.96,-26.38
Sgr,275.24841667,-29.82802778,29.96,-26.38,276.043125,-34.38430556,-39.61,-124.05
Sgr,276.043125,-34.38430556,-39.61,-124.05,285.653,-29.88011111,-14.1,3.66
Sgr,285.653,-29.88011111,-14.1,3.66,281.41395833,-26.99077778,51.15,0.45
Sgr,281.41395833,-26.99077778,51.15,0.45,275.24841667,-29.82802778,29.96,-26.38
Sgr,281.41395833,-26.99077778,51.15,0.45,276.99279167,-25.42125,-44.81,-186.29
Sgr,276.99279167,-25.42125,-44.81,-186.29,273.440875,-21.05883333,1.72,-1.39
Sgr,285.653,-29.88011111,-14.1,3.66,286.73516667,-27.66980556,-50.79,-250.51
Sgr,286.73516667,-27.66980556,-50.79,-250.51,283.81633333,-26.29658333,13.87,-52.65
Sgr,283.81633333,-26.29658333,13.87,-52.65,281.41395833,-26.99077778,51.15,0.45
Sgr,283.81633333,-26.29658333,13.87,-52.65,284.43241667,-21.10661111,34.91,-12.33
Sgr,284.43241667,-21.10661111,34.91,-12.33,286.17054167,-21.74136111,76.26,-58.08
Sgr,286.17054167,-21.74136111,76.26,-58.08,289.40870833,-18.95288889,-10.05,-10.64
Sgr,289.40870833,-18.95288889,-10.05,-10.64,290.41825,-17.84725,-26.95,22.24
Sgr,286.73516667,-27.66980556,-50.79,-250.51,294.006875,-24.71902778,6.08,-26.37
Sgr,294.006875,-24.71902778,6.08,-26.37,300.66441667,-27.70988889,32.28,14.35
Sgr,300.66441667,-27.70988889,32.28,14.35,299.93404167,-35.27625,6.02,-25.15
Sgr,299.93404167,-35.27625,6.02,-25.15,298.81533333,-41.86841667,23.37,51.6
Sgr,298.81533333,-41.86841667,23.37,51.6,290.97145833,-40.61563889,32.67,-120.81
Sgr,298.81533333,-41.86841667,23.37,51.6,290.80441667,-44.79963889,92.78,-53.73
Tau,81.57291667,28.60786111,23.28,-174.22,70.56125,22.95697222,-2.84,-20.33
Tau,70.56125,22.95697222,-2.84,-20.33,67.153875,19.18052778,107.23,-36.77
Tau,68.98,16.50975,62.78,-189.36,84.41116667,21.14258333,2.39,-18.04
Tau,64.94804167,15.62769444,115.29,-23.86,65.73345833,17.54258333,107.75,-28.84
Tau,64.94804167,15.62769444,115.29,-23.86,60.17008333,12.49038889,-8.15,-11.98
Tau,60.17008333,12.49038889,-8.15,-11.98,51.2035,9.02905556,-74.25,-80.31
Tau,68.98,16.50975,62.78,-189.36,67.153875,19.18052778,107.23,-36.77
Tau,68.98,16.50975,62.78,-189.36,67.16529167,15.87094444,108.66,-26.39
Tau,67.16529167,15.87094444,108.66,-26.39,64.94804167,15.62769444,115.29,-23.86
Tau,67.153875,19.18052778,107.23,-36.77,66.37216667,17.928,108.26,-32.47
Tau,66.37216667,17.928,108.26,-32.47,65.73345833,17.54258333,107.75,-28.84
Tau,65.73345833,17.54258333,107.75,-28.84,57.29054167,24.05352778,17.77,-44.7
Tel,277.20725,-49.07002778,137.9,-229.14,276.74345833,-45.96833333,-16.68,-53.33
TrA,252.166125,-69.02763889,17.85,-32.92,229.727875,-68.67947222,-66.48,-32.0
TrA,229.727875,-68.67947222,-66.48,-32.0,238.78670833,-63.42975,-188.45,-401.92
TrA,238.78670833,-63.42975,-188.45,-401.92,252.166125,-69.02763889,17.85,-32.92
Tri,33.98458333,33.35897222,-14.86,-33.25,32.3855,34.98738889,148.78,-39.13
Tri,32.3855,34.98738889,148.78,-39.13,28.27041667,29.57938889,12.02,-233.69
Tri,28.27041667,29.57938889,12.02,-233.69,33.98458333,33.35897222,-14.86,-33.25
Tuc,334.62575,-60.2595,-71.48,-38.15,349.35754167,-58.23591667,-34.93,79.59
Tuc,349.35754167,-58.23591667,-34.93,79.59,5.00795833,-64.87761111,1707.56,1165.36
Tuc,349.35754167,-58.23591667,-34.93,79.59,7.88566667,-62.95808333,82.48,-54.37
UMa,206.885625,49.31330556,-121.23,-15.56,200.98091667,54.92541667,121.23,-22.01
UMa,200.98091667,54.92541667,121.23,-22.01,193.50679167,55.95983333,111.74,-8.99
UMa,193.50679167,55.95983333,111.74,-8.99,183.85604167,57.03261111,103.56,7.81
UMa,183.85604167,57.03261111,103.56,7.81,165.93266667,61.75111111,-136.46,-35.25
UMa,165.93266667,61.75111111,-136.46,-35.25,165.45995833,56.38233333,81.66,33.74
UMa,165.45995833,56.38233333,81.66,33.74,178.45725,53.69472222,107.76,11.16
UMa,178.45725,53.69472222,107.76,11.16,183.85604167,57.03261111,103.56,7.81
UMa,178.45725,53.69472222,107.76,11.16,176.51304167,47.77933333,-138.38,28.37
UMa,176.51304167,47.77933333,-138.38,28.37,167.41608333,44.49855556,-62.35,-27.38
UMa,167.41608333,44.49855556,-62.35,-27.38,154.27470833,42.91447222,-170.11,-42.64
UMa,167.41608333,44.49855556,-62.35,-27.38,155.5825,41.49944444,-80.47,34.1
UMa,165.45995833,56.38233333,81.66,33.74,148.0265,54.06427778,-4.21,19.18
UMa,148.0265,54.06427778,-4.21,19.18,143.21804167,51.67861111,-947.06,-535.6
UMa,143.21804167,51.67861111,-947.06,-535.6,135.9065,47.15666667,-37.37,-55.39
UMa,143.21804167,51.67861111,-947.06,-535.6,134.8035,48.04236111,-441.12,-215.21
UMa,148.0265,54.06427778,-4.21,19.18,147.74870833,59.03911111,-294.45,-151.75
UMa,147.74870833,59.03911111,-294.45,-151.75,127.56679167,60.71844444,-134.31,-107.73
UMa,127.56679167,60.71844444,-134.31,-107.73,142.88154167,63.06180556,107.55,26.86
UMa,142.88154167,63.06180556,107.55,26.86,165.93266667,61.75111111,-136.46,-35.25
UMi,37.94616667,89.26413889,44.22,-11.74,263.05375,86.58633333,10.54,53.97
UMi,263.05375,86.58633333,10.54,53.97,251.49233333,82.03725,19.54,4.67
UMi,251.49233333,82.03725,19.54,4.67,236.01441667,77.7945,20.07,-2.5
UMi,236.01441667,77.7945,20.07,-2.5,244.37708333,75.75469444,-89.94,257.8
UMi,244.37708333,75.75469444,-89.94,257.8,230.18229167,71.83397222,-18.03,17.68
UMi,230.18229167,71.83397222,-18.03,17.68,222.67666667,74.15547222,-32.29,11.91
UMi,222.67666667,74.15547222,-32.29,11.91,236.01441667,77.7945,20.07,-2.5
Vel,122.38316667,-47.33661111,-5.93,9.9,130.073375,-52.92197222,-24.62,35.09
Vel,130.073375,-52.92197222,-24.62,35.09,131.17583333,-54.70855556,28.78,-104.14
Vel,131.17583333,-54.70855556,28.78,-104.14,140.52845833,-55.01069444,-10.72,11.24
Vel,140.52845833,-55.01069444,-10.72,11.24,149.215625,-54.56780556,-13.13,2.83
Vel,149.215625,-54.56780556,-13.13,2.83,161.69216667,-49.42013889,62.55,-53.57
Vel,161.69216667,-49.42013889,62.55,-53.57,159.32608333,-48.22561111,-131.48,-1.58
Vel,159.32608333,-48.22561111,-131.48,-1.58,153.68445833,-42.12205556,-150.68,49.84
Vel,153.68445833,-42.12205556,-150.68,49.84,142.67545833,-40.46688889,-147.14,48.65
Vel,142.67545833,-40.46688889,-147.14,48.65,136.99908333,-43.43261111,-23.21,14.28
Vel,136.99908333,-43.43261111,-23.21,14.28,122.38316667,-47.33661111,-5.93,9.9
Vir,176.464875,6.52980556,-19.65,-180.02,184.66791667,0.78713889,33.51,-16.17
Vir,184.66791667,0.78713889,33.51,-16.17,190.41666667,-1.44952778,-616.66,60.66
Vir,190.41666667,-1.44952778,-616.66,60.66,201.29833333,-11.16125,-42.5,-31.73
Vir,201.29833333,-11.16125,-42.5,-31.73,213.22391667,-10.27405556,8.04,140.79
Vir,213.22391667,-10.27405556,8.04,140.79,214.00366667,-5.99952778,-25.84,-419.84
Vir,214.00366667,-5.99952778,-25.84,-419.84,220.76483333,-5.65741667,104.23,-319.9
Vir,201.29833333,-11.16125,-42.5,-31.73,203.67395833,0.59594444,-278.89,48.56
Vir,203.67395833,0.59594444,-278.89,48.56,210.41158333,1.54458333,17.41,-21.2
Vir,210.41158333,1.54458333,17.41,-21.2,221.56245833,1.89294444,-116.04,-21.75
Vir,203.67395833,0.59594444,-278.89,48.56,193.902,3.39761111,-471.44,-52.81
Vir,193.902,3.39761111,-471.44,-52.81,195.54483333,10.95911111,-275.05,19.96
Vir,193.902,3.39761111,-471.44,-52.81,190.41666667,-1.44952778,-616.66,60.66
Vol,115.455,-72.60613889,33.38,15.29,107.18675,-70.49919444,23.71,108.06
Vol,107.18675,-70.49919444,23.71,108.06,121.98266667,-68.61713889,-29.88,30.58
Vol,121.98266667,-68.61713889,-29.88,30.58,115.455,-72.60613889,33.38,15.29
Vol,121.98266667,-68.61713889,-29.88,30.58,109.207625,-67.95716667,-4.11,8.5
Vol,121.98266667,-68.61713889,-29.88,30.58,126.434375,-66.13652778,-35.83,-152.15
Vol,126.434375,-66.13652778,-35.83,-152.15,135.61166667,-66.39583333,-2.01,-95.8
Vol,135.61166667,-66.39583333,-2.01,-95.8,121.98266667,-68.61713889,-29.88,30.58
Vul,292.17670833,24.66516667,-126.45,-106.99,300.27504167,27.75355556,57.99,3.76
