32349,-546.01,-1223.08,379.21,32349,-1.44,101.2885411,-16.71314306,-0.02
30438,19.99,23.67,10.43,30438,-0.62,95.98787763,-52.69571799,0.23
69673,-1093.45,-1999.4,88.85,69673,-0.05,213.918114,19.18726997,1.22
71683,-3678.19,481.84,742.12,71683,-0.01,219.9204103,-60.83514707,0.69
91262,201.02,287.46,128.93,91262,0.03,279.2341083,38.78299311,-0.01
24608,75.52,-427.13,77.29,24608,0.08,79.17206517,45.99902927,0.83
24436,1.87,-0.56,4.22,24436,0.18,78.63446353,-8.20163919,0.03
37279,-716.57,-1034.58,285.93,37279,0.4,114.8272419,5.22750767,0.49
7588,88.02,-40.08,22.68,7588,0.45,24.42813204,-57.23666007,-0.17
27989,27.33,10.86,7.63,27989,0.45,88.79287161,7.40703634,2.32
68702,-33.96,-25.06,6.21,68702,0.61,210.956019,-60.3729784,-0.25
97649,536.82,385.54,194.44,97649,0.76,297.6945086,8.86738491,0.27
60718,-35.37,-14.73,10.17,60718,0.77,186.6497559,-63.09905586,-0.26
21421,62.78,-189.36,50.09,21421,0.87,68.98000195,16.50976164,1.67
65474,-42.5,-31.73,12.44,65474,0.98,201.2983523,-11.16124491,-0.25
80763,-10.16,-23.21,5.4,80763,1.06,247.351948,-26.43194608,2.9
37826,-625.69,-45.95,96.74,37826,1.16,116.3306826,28.02631031,0.97
113368,329.22,-164.22,130.08,113368,1.17,344.4117732,-29.62183701,0.16
62434,-48.24,-12.82,9.25,62434,1.25,191.9304954,-59.68873246,-0.27
102098,1.56,1.55,1.01,102098,1.25,310.3579727,45.28033423,0.16
71681,-3600.35,952.11,742.12,71681,1.35,219.9141283,-60.83947139,0.88
49669,-249.4,4.91,42.09,49669,1.36,152.0935808,11.96719513,-0.1
33579,2.63,2.29,7.57,33579,1.5,104.6564445,-28.97208931,-0.2
36850,-206.33,-148.18,63.27,36850,1.58,113.650019,31.88863645,0.05
61084,27.94,-264.33,37.09,61084,1.59,187.791372,-57.11256922,2.37
85927,-8.9,-29.95,4.64,85927,1.62,263.4021937,-37.10374835,-0.24
25336,-8.75,-13.28,13.42,25336,1.64,81.28278416,6.34973451,-0.22
25428,23.28,-174.22,24.89,25428,1.65,81.57290804,28.60787346,-0.09
45238,-157.66,108.91,29.34,45238,1.67,138.3010033,-69.71747245,0.02
26311,1.49,-1.06,2.43,26311,1.69,84.05338572,-1.20191725,-0.16
109268,127.6,-147.91,32.16,109268,1.73,332.0578184,-46.96061593,-0.05
26727,3.99,2.54,3.99,26727,1.74,85.18968672,-1.94257841,-0.18
39953,-5.93,9.9,3.88,39953,1.75,122.3831473,-47.33661177,-0.14
62956,111.74,-8.99,40.3,62956,1.76,193.5068041,55.95984301,-0.04
15863,24.11,-26.01,5.51,15863,1.79,51.08061889,49.86124281,0.63
90185,-39.61,-124.05,22.55,90185,1.79,276.0431097,-34.3843146,0.01
54061,-136.46,-35.25,26.38,54061,1.81,165.9326537,61.75111888,1.03
34444,-2.75,3.33,1.82,34444,1.83,107.0978585,-26.39320776,0.67
67301,-121.23,-15.56,32.39,67301,1.85,206.8856088,49.31330288,-0.08
86228,6.06,-0.95,11.99,86228,1.86,264.3296907,-42.99782155,0.48
41037,-25.34,22.72,5.16,41037,1.86,125.628603,-59.50953829,1.16
28360,-56.41,-0.88,39.72,28360,1.9,89.88237261,44.94743492,0.05
82273,17.85,-32.92,7.85,82273,1.91,252.1661074,-69.02763503,1.45
31681,-2.04,-66.92,31.12,31681,1.93,99.42792641,16.39941482,0.04
42913,28.78,-104.14,40.9,42913,1.93,131.1758221,-54.70856797,0.05
100751,7.71,-86.15,17.8,100751,1.94,306.4118735,-56.73488071,-0.1
11767,44.22,-11.74,7.56,11767,1.97,37.94614689,89.26413805,0.7
30324,-3.45,-0.47,6.53,30324,1.98,95.6749475,-17.95591658,-0.24
46390,-14.49,33.25,18.4,46390,1.99,141.8968826,-8.65868335,1.39
9884,190.73,-145.77,49.48,9884,2.01,31.79285757,23.46277743,1.13
50583,310.77,-152.88,25.96,50583,2.01,154.9923405,19.84186032,1.17
3419,232.79,32.71,34.04,3419,2.04,10.89678452,-17.9866841,1
92855,13.87,-52.65,14.54,92855,2.05,283.8163196,-26.29659428,-0.13
68933,-519.29,-517.87,53.52,68933,2.06,211.6721861,-36.36869575,1.01
27366,1.55,-1.2,4.52,27366,2.07,86.93911641,-9.66960186,-0.14
72607,-32.29,11.91,25.79,72607,2.07,222.6766475,74.15547596,1.46
5447,175.59,-112.23,16.36,5447,2.07,17.43248991,35.62083048,1.74
112122,135.68,-4.51,19.17,112122,2.07,340.6663953,-46.88456594,2.6
677,135.68,-162.95,33.6,677,2.07,2.09653333,29.09082805,-0.1
86032,110.08,-222.61,69.84,86032,2.08,263.7333532,12.56057584,0.17
14576,2.39,-1.44,35.14,14576,2.09,47.04220716,40.9556512,0.02
9640,43.08,-50.85,9.19,9640,2.1,30.97466283,42.32984832,1.37
57632,-499.02,-113.78,90.16,57632,2.14,177.2661598,14.57233687,0.1
4427,25.65,-3.82,5.32,4427,2.15,14.17708808,60.71674966,-0.02
61932,-187.28,-1.2,25.01,61932,2.2,190.3800208,-48.95988553,-0.01
45556,-19.03,13.11,4.71,45556,2.21,139.2726183,-59.27526115,0.28
39429,-30.82,16.77,2.33,39429,2.21,120.8961256,-40.00318846,-0.22
76267,120.38,-89.44,43.65,76267,2.22,233.6716229,26.71491041,0.05
44816,-23.21,14.28,5.69,44816,2.23,136.9990713,-43.43262406,1.69
65378,121.23,-22.01,41.73,65378,2.23,200.980916,54.92541525,0.07
100453,2.43,-0.93,2.14,100453,2.23,305.5570835,40.2566815,0.65
87833,-8.52,-23.05,22.1,87833,2.24,269.1515744,51.48895101,1.54
3179,50.36,-32.17,14.27,3179,2.24,10.12661349,56.53740928,1.13
25930,1.67,0.56,3.56,25930,2.25,83.00166562,-0.2990934,-0.21
746,523.39,-180.42,59.89,746,2.28,2.29204036,59.15021814,0.4
66657,-14.6,-12.79,8.68,66657,2.29,204.9719696,-53.46636269,-0.23
82396,-611.83,-255.87,49.85,82396,2.29,252.5426874,-34.29260982,1.1
78401,-8.67,-36.9,8.12,78401,2.29,240.0833823,-22.62162024,-0.09
71860,-21.15,-24.22,5.95,71860,2.3,220.482391,-47.38814127,-0.21
71352,-35.31,-32.44,10.57,71352,2.33,218.8768816,-42.15774562,-0.17
53910,81.66,33.74,41.07,53910,2.34,165.4599615,56.38234478,0.02
72105,-50.65,20,15.55,72105,2.35,221.2468787,27.07417383,0.95
107315,30.02,1.38,4.85,107315,2.38,326.0464181,9.87500791,1.42
86670,-6.49,-25.55,7.03,86670,2.39,265.6219991,-39.02992092,-0.22
2081,232.76,-353.64,42.14,2081,2.4,6.57028075,-42.30512197,1.11
58001,107.76,11.16,38.99,58001,2.41,178.4572554,53.69473296,0.06
84012,41.16,97.65,38.77,84012,2.43,257.5944266,-15.72514757,0.06
113881,187.76,137.61,16.37,113881,2.44,345.9430558,28.08245462,2.31
105199,149.91,48.27,66.84,105199,2.45,319.6440898,62.58545529,0.26
35904,-3.76,6.66,1.02,35904,2.45,111.023771,-29.30311979,0.01
45941,-10.72,11.24,6.05,45941,2.47,140.5284551,-55.01069531,-0.17
102488,356.16,330.28,45.26,102488,2.48,311.5518009,33.96945334,1
113963,61.1,-42.56,23.36,113963,2.49,346.1900702,15.20536786,0
81377,13.07,25.44,7.12,81377,2.54,249.2897085,-10.5671518,0.1
14135,-11.81,-78.76,14.82,14135,2.54,45.56991279,4.08992539,1.97
68002,-57.14,-44.75,8.48,68002,2.55,208.8851454,-47.28826634,-0.18
54872,143.31,-130.43,56.52,54872,2.56,168.5267171,20.52403384,0.12
78820,-6.75,-24.89,6.15,78820,2.56,241.3593121,-19.80539286,-0.04
59196,-47.53,-6.42,8.25,59196,2.58,182.0897651,-50.72240999,-0.12
25985,3.27,1.54,2.54,25985,2.58,83.18255798,-17.82229227,0.32
59803,-159.58,22.31,19.78,59803,2.58,183.9519494,-17.5419837,-0.1
93506,-14.1,3.66,36.61,93506,2.6,285.6530143,-29.88011429,0.06
74785,-96.39,-20.76,20.38,74785,2.61,229.2519659,-9.38286694,-0.08
77070,134.66,44.14,44.54,77070,2.63,236.0666491,6.42551971,1.09
8903,96.32,-108.8,54.74,8903,2.64,28.65978771,20.80829949,0.18
26634,-0.1,-24.05,12.16,26634,2.65,84.91224975,-34.07404941,-0.07
28380,42.09,-73.61,18.83,28380,2.65,89.93015897,37.21276409,-0.06
61359,0.86,-56,23.34,61359,2.65,188.5968086,-23.39662306,0.88
6686,297.24,-49.49,32.81,6686,2.66,21.45251267,60.23540347,0.19
67927,-60.95,-358.1,88.17,67927,2.68,208.6713175,18.39858742,0.65
73273,-34.06,-38.3,6.23,73273,2.68,224.6331419,-43.13386699,-0.23
61585,-39.87,-12.44,10.67,61585,2.69,189.2961821,-69.13553358,-0.23
52727,62.55,-53.57,28.18,52727,2.69,161.6921754,-49.42012517,0.91
23015,3.63,-18.54,6.37,23015,2.69,74.24840098,33.16613537,1.46
85696,-4.19,-29.14,6.29,85696,2.7,262.690995,-37.29574016,-0.23
35264,-10.57,7,2.98,35264,2.71,109.285684,-37.09748689,1.65
97278,15.72,-3.08,7.08,97278,2.72,296.5648757,10.61326869,1.44
89931,29.96,-26.38,10.67,89931,2.72,275.2484234,-29.82803914,1.35
80331,-16.98,56.68,37.18,80331,2.73,245.9979452,61.51407536,0.84
79593,-45.83,-142.91,19.16,79593,2.73,243.586526,-3.69397562,1.82
61941,-616.66,60.66,84.53,61941,2.74,190.4166756,-1.44952231,0.43
52419,-18.87,12.06,7.43,52419,2.74,160.739278,-64.39447937,-0.24
26241,2.27,-0.62,2.46,26241,2.75,83.85825475,-5.90989984,-0.22
65109,-340.76,-87.98,55.64,65109,2.75,200.1502732,-36.71208109,0.02
72622,-105.69,-69,42.25,72622,2.75,222.7199054,-16.04161047,0.16
86742,-40.67,158.8,39.78,86742,2.76,265.8682371,4.56691684,1.1
84345,-6.71,32.78,8.53,84345,2.78,258.6619269,14.39025314,1.13
23875,-83.39,-75.44,36.71,23875,2.78,76.96264146,-5.08626282,0.16
80816,-98.43,-14.49,22.07,80816,2.78,247.555257,21.4896485,0.94
85670,-15.59,11.57,9.02,85670,2.79,262.6082371,52.30135901,0.93
59747,-36.68,-10.72,8.96,59747,2.79,183.7864873,-58.74890179,-0.25
76297,-16.05,-25.52,5.75,76297,2.8,233.7852516,-41.16669497,-0.22
81693,-462.58,345.05,92.63,81693,2.81,250.3228213,31.60188695,0.7
25606,-5.03,-85.92,20.49,25606,2.81,82.06135971,-20.75923214,0.86
2021,2220.12,324.37,133.78,2021,2.82,6.41334183,-77.25503511,0.68
81266,-8.59,-22.5,7.59,81266,2.82,248.9706642,-28.21596156,-0.24
90496,-44.81,-186.29,42.2,90496,2.82,276.9927896,-25.42124732,1.04
1067,4.7,-8.24,9.79,1067,2.83,3.30895828,15.18361593,-0.22
77952,-188.45,-401.92,81.24,77952,2.83,238.7867001,-63.42974973,0.36
39757,-83.29,46.38,51.99,39757,2.83,121.886259,-24.30443677,0.42
85258,-8.23,-24.71,5.41,85258,2.84,261.3249883,-55.52982397,1.5
85792,-31.27,-67.15,13.46,85792,2.84,262.9605066,-49.87598159,-0.15
18246,4.41,-9.15,3.32,18246,2.84,58.53299363,31.88365776,0.18
63608,-275.05,19.96,31.9,63608,2.85,195.5448356,10.95910186,0.83
107556,263.26,-296.23,84.58,107556,2.85,326.759522,-16.12656595,0.35
17702,19.35,-43.11,8.87,17702,2.85,56.87110065,24.10524193,-0.01
9236,262.54,26.88,45.74,9236,2.86,29.69113269,-61.56992444,0.34
97165,43.22,48.44,19.07,97165,2.86,296.2435088,45.13069195,-0.02
110130,-71.48,-38.15,16.42,110130,2.87,334.6257426,-60.25949486,1.37
30343,56.84,-108.79,14.07,30343,2.87,95.73996302,22.51385027,2.3
74946,-66.48,-32,17.85,74946,2.87,229.7278701,-68.67946723,0.04
94141,-1.17,-36.83,7.41,94141,2.88,287.440974,-21.02352534,0.44
13847,-53.53,25.71,20.22,13847,2.88,44.5654818,-40.30473491,0.17
36188,-50.28,-38.45,19.16,36188,2.89,111.7878012,8.28940893,-0.07
63125,-233.43,54.98,29.6,63125,2.89,194.0076705,38.31824617,-0.13
78265,-12,-25.71,7.1,78265,2.89,239.7130028,-26.1140428,-0.18
106278,22.79,-6.7,5.33,106278,2.9,322.8896695,-5.57115593,0.82
80112,-10.03,-18.03,4.44,80112,2.9,245.2971772,-25.59275259,0.31
18532,12.61,-24.06,6.06,18532,2.9,59.46342138,40.01027315,-0.19
14328,0.5,-4.19,12.72,14328,2.91,46.19912598,53.50645031,0.77
48002,-11.55,4.97,2.01,48002,2.92,146.7755734,-65.07201888,0.42
112158,13.11,-26.11,15.18,112158,2.93,340.7505357,30.22130866,0.87
60965,-209.97,-139.3,37.11,60965,2.94,187.4665965,-16.51509397,-0.04
32768,34.23,-65.85,17.85,32768,2.94,102.4839035,-50.61439973,1.14
109074,17.9,-9.93,4.3,109074,2.95,331.4459387,-0.31982656,0.92
18543,60.51,-111.34,14.75,18543,2.97,59.50720862,-13.50824471,1.78
47908,-46.09,-9.57,13.01,47908,2.97,146.4629267,23.77427792,0.81
26451,2.39,-18.04,7.82,26451,2.97,84.41118447,21.14259299,-0.15
88635,-55.75,-181.53,33.94,88635,2.98,271.4521859,-30.42365007,0.99
93747,-7.04,-95.31,39.18,93747,2.99,286.3525518,13.86370983,-0.01
87073,0.44,-6.4,1.82,87073,2.99,266.8961714,-40.12698197,0.64
64962,68.41,-41.09,24.69,64962,2.99,199.7302224,-23.17141246,0.9
82514,-8.84,-21.6,3.97,82514,3,252.967662,-38.04732717,-0.2
108085,95.88,-12.1,16.07,108085,3,328.481892,-37.3648229,-0.1
10064,148.78,-39.13,26.24,10064,3,32.38550383,34.98739204,0.17
75097,-18.03,17.68,6.79,75097,3,230.1822884,71.83397308,0.12
54539,-62.35,-27.38,22.21,54539,3,167.4160809,44.49855337,1.09
17358,23.83,-41.93,6.18,17358,3.01,55.7311754,47.7876533,-0.07
30122,8,3.81,9.7,30122,3.02,95.07827982,-30.06337656,-0.2
33977,-1.56,4.28,1.27,33977,3.02,105.7561399,-23.83330131,-0.03
59316,-71.52,10.55,10.75,59316,3.02,182.5313577,-22.61979211,1.23
23416,0.18,-2.31,1.6,23416,3.03,75.49222507,43.82331397,0.61
62322,-40.4,-10.32,10.48,62322,3.04,191.5702901,-68.10809405,-0.19
71075,-115.55,151.87,38.29,71075,3.04,218.0198242,38.30788348,0.17
95947,-7.09,-5.63,8.46,95947,3.05,292.6803553,27.9596948,1.05
100345,48.42,14,9.48,100345,3.05,305.2526935,-14.78140119,0.9
32246,-5.93,-12.81,3.61,32246,3.06,100.9830409,25.13115531,1.22
50801,-80.47,34.1,13.11,50801,3.06,155.5825136,41.4994335,1.77
94376,94.49,92.3,32.54,94376,3.07,288.1381458,67.66131695,0.94
89642,-129.27,-166.61,21.87,89642,3.1,274.4072049,-36.76128103,2.24
52943,92.77,199.02,23.54,52943,3.11,162.405967,-16.19413208,1.22
43813,-99.76,14.65,21.64,43813,3.11,133.8486869,5.9455277,0.96
56561,-33.84,-6.87,7.96,56561,3.11,173.9455345,-63.01982488,-0.01
101772,49.2,66.07,32.21,101772,3.11,309.3916237,-47.29166239,0.98
83081,-18.31,-35.29,5.68,83081,3.12,254.6551282,-55.99005508,1.6
84379,-21.14,-157.68,41.55,84379,3.12,258.7580174,24.83958739,0.06
27628,55.74,404.68,37.94,27628,3.12,87.7398034,-35.76929225,1.1
44127,-441.12,-215.21,68.32,44127,3.12,134.8034948,48.04234956,0.25
73334,-17.76,-21.33,6.05,73334,3.13,224.7904125,-42.10414199,-0.21
45860,-222.8,14.78,14.69,45860,3.14,140.2644117,34.39252592,1.65
46701,-32.58,6.08,13.72,46701,3.16,142.8056407,-57.0343916,1.59
84380,-27.35,2.7,8.89,84380,3.16,258.7618928,36.80915527,1.31
46853,-947.06,-535.6,74.15,46853,3.17,143.2180219,51.67860208,0.56
83895,-20.76,19.15,9.6,83895,3.17,257.1967711,65.71463676,-0.14
31685,-0.43,-3.99,7.71,31685,3.17,99.44029869,-43.19592394,-0.07
92041,51.15,0.45,14.14,92041,3.17,281.4139708,-26.9907794,-0.1
23767,30.6,-68.41,14.87,23767,3.18,76.62862102,41.23464074,-0.17
71908,-192.64,-234.07,60.97,71908,3.18,220.6278543,-64.97456957,0.26
83000,-293.03,-9.7,37.99,83000,3.19,254.4177942,9.37505626,1.1
22449,463.44,11.62,124.6,22449,3.19,72.45890935,6.96124744,0.53
87261,42.09,27.77,25.71,87261,3.19,267.4643802,-37.04337105,1.15
23685,19.27,-72.35,14.39,23685,3.19,76.36521705,-22.37085673,1.5
104732,6.87,-68.12,21.62,104732,3.21,318.2340898,30.22708128,0.97
116727,-48.85,127.18,72.5,116727,3.21,354.8374252,77.63196681,0.99
75141,-19.11,-24.05,6.39,75141,3.22,230.3430683,-40.64745946,-0.23
79882,82.39,40.08,30.34,79882,3.23,244.5801699,-4.69260809,0.96
89962,-547.57,-700.72,52.81,89962,3.23,275.3288358,-2.897122,0.96
106032,12.6,8.73,5.48,106032,3.23,322.164896,70.56069481,-0.25
99473,35.48,6.05,11.36,99473,3.24,302.8261033,-0.82147569,-0.06
32607,-68.39,242.03,32.96,32607,3.24,102.0480713,-61.94197988,0.28
73714,-71.85,-44.69,11.17,73714,3.25,226.0177579,-25.28185602,2.23
36377,-59.86,188.73,17.74,36377,3.25,112.3078263,-43.30189129,1.54
93194,-2.76,1.77,5.14,93194,3.25,284.7359357,32.68955312,-0.03
68895,43.05,-140.82,32.17,68895,3.25,211.5927873,-26.68201883,1.1
17678,51.07,115.27,15.23,17678,3.26,56.80929799,-74.23924251,1.94
3092,115.38,-83.05,32.19,3092,3.27,9.83165567,30.86122579,1.23
84970,-8.84,-23.64,5.79,84970,3.27,260.5024337,-24.99948797,-0.21
113136,-44.08,-24.81,20.44,113136,3.27,343.6626635,-15.82075994,0.08
24305,45.66,-16.13,17.69,24305,3.29,78.2328046,-16.20542901,-0.09
75458,-8.27,17.3,31.92,75458,3.29,231.2324337,58.96602354,1.07
50099,-35.73,7.55,8.81,50099,3.29,153.4344955,-70.03792169,-0.03
51576,-16.59,11.42,6.56,51576,3.3,158.0061825,-61.68536031,0.02
21281,58.06,12.73,18.56,21281,3.3,68.49882684,-55.04500559,-0.08
29655,-62.53,-10.24,9.34,29655,3.31,93.71956952,22.50682376,2.7
85267,-0.77,-15.85,2.87,85267,3.31,261.3485827,-56.37768824,-0.12
88048,-10.31,-116.12,21.35,88048,3.32,269.7566566,-9.77334973,0.95
59774,103.56,7.81,40.05,59774,3.32,183.856038,57.03259792,0.03
93864,-50.79,-250.51,27.09,93864,3.32,286.7351763,-27.66981416,1.15
14354,128.69,-106.61,10.03,14354,3.32,46.29373754,38.84053298,2.76
84143,22.01,-287.41,45.56,84143,3.32,258.038233,-43.23849039,0.47
5165,-70.16,31.6,16.46,5165,3.32,16.52127713,-46.71849042,0.9
54879,-59.01,-79.37,18.36,54879,3.33,168.5601704,15.4297631,0.01
19780,41.64,49.72,19.98,19780,3.33,63.60596306,-62.47397888,0.91
38170,-5.56,-0.71,2.42,38170,3.34,117.3235781,-24.85978401,1.08
41704,-134.31,-107.73,17.76,41704,3.35,127.5667923,60.7184311,0.87
32362,-115.16,-190.91,57.02,32362,3.35,101.3226398,12.89605513,0.48
25281,-0.54,-3.21,3.62,25281,3.35,81.11923774,-2.39713844,-0.16
8886,31.98,-18.66,7.38,8886,3.35,28.59868107,63.67014686,-0.12
95501,253.06,80.67,65.05,95501,3.36,291.3739694,3.11457923,0.38
75264,-20.25,-20.13,6.47,75264,3.37,230.6703647,-44.68957314,-0.2
43109,-231.04,-40.17,24.13,43109,3.38,131.6943593,6.41890691,0.78
66249,-278.89,48.56,44.55,66249,3.38,203.673978,-0.59593821,0.12
109492,13.35,4.49,4.49,109492,3.39,332.7135913,58.20124992,1.58
50371,-24.25,6.38,4.43,50371,3.39,154.2708554,-61.33231977,1.45
26207,-1.03,-1.86,3.09,26207,3.39,83.78449043,9.93416294,-0.13
63090,-471.44,-52.81,16.11,63090,3.39,193.9020137,3.39759862,2.24
20894,108.66,-26.39,21.89,20894,3.4,67.16531219,15.8709468,0.21
74395,-113.94,-71,28.06,74395,3.41,228.0716798,-52.09907465,0.91
18724,-8.15,-11.98,8.81,18724,3.41,60.17008591,12.49037571,-0.08
112029,77.38,-10.98,15.64,112029,3.41,340.3653118,10.83139111,-0.06
67464,-26.01,-20.38,6.87,67464,3.41,207.3762392,-41.68765971,-0.24
102422,86.08,817.89,69.73,102422,3.41,311.3219526,61.83679404,0.94
6867,-18.21,-207.71,13.94,6867,3.41,22.0914236,-43.31772906,1.73
102395,-42.4,10.57,23.71,102395,3.42,311.2398153,-66.20323826,0.2
8796,12.02,-233.69,50.87,8796,3.42,28.27041595,29.57939727,0.55
86974,-291.42,-750,119.05,86974,3.42,266.6154955,27.72249917,0.71
78384,-16.58,-27.06,6.61,78384,3.42,240.0305854,-38.39664079,-0.23
93805,-19.68,-90.37,26.05,93805,3.43,286.5622914,-4.88233456,-0.09
50335,19.84,-7.3,12.56,50335,3.43,154.1725181,23.4173284,0.39
45080,-17.67,14.14,7.79,45080,3.43,137.7421054,-58.96693014,-0.17
50372,-170.11,-42.64,24.27,50372,3.45,154.2746956,42.91446855,0.05
5364,215.81,-138.33,27.73,5364,3.46,17.14693197,-10.181928,1.11
38827,-28.38,16.76,8.43,38827,3.46,119.1947573,-52.98240062,-0.17
74666,84.84,-110.57,27.94,74666,3.46,228.8754324,33.31510222,0.96
3821,1087.11,-559.65,167.99,3821,3.46,12.27125262,57.8165477,0.66
12706,-146.43,-145.27,39.78,12706,3.47,40.82551897,3.23617162,0.1
67472,-23.85,-19.22,6.19,67472,3.47,207.4041993,-42.47368506,-0.21
49583,-1.94,-0.53,1.53,49583,3.48,151.8331395,16.76266572,0.06
81833,35.58,-84.98,29.11,81833,3.48,250.7239107,38.92246103,0.89
55219,-26.61,27.51,7.74,55219,3.49,169.6198139,33.09423881,1.37
112623,108.47,-65.93,25.16,112623,3.49,342.1383214,-51.31670354,0.1
90422,-16.68,-53.33,13.08,90422,3.49,276.7434595,-45.96832919,-0.18
8102,-1721.82,854.07,274.17,8102,3.49,26.02136441,-15.93955597,0.82
73555,-40.2,-29.22,14.91,73555,3.49,225.486638,40.39063671,0.89
33856,-6.01,4.64,2.68,33856,3.49,105.4297988,-27.93484165,1.82
35550,-18.72,-7.76,55.45,35550,3.5,110.0307889,21.98233941,0.44
32759,-9.18,4.04,4.13,32759,3.5,102.4602729,-32.50848752,-0.1
112724,-66.1,-124.74,28.27,112724,3.5,342.4204674,66.20071089,1.06
112748,144.11,-43.44,27.95,112748,3.51,342.5004181,24.60168486,0.89
98337,64.37,22.58,11.9,98337,3.51,299.6891152,19.49209287,1.65
17378,-91.71,742.23,110.58,17378,3.52,55.81231706,-9.76519868,0.94
48774,-13.13,2.83,1.69,48774,3.52,149.2156452,-54.5677973,-0.04
47508,-143.67,-37.45,24.12,47508,3.52,145.2879912,9.89239902,0.59
93085,34.91,-12.33,8.76,93085,3.52,284.4324156,-21.10662433,1.09
92420,1.1,-4.46,3.7,92420,3.52,282.5199746,33.36267788,0.02
109427,281.96,31.23,33.77,109427,3.52,332.549249,6.197789,0.09
40526,-46.8,-48.65,11.23,40526,3.53,124.128951,9.18566295,1.47
20889,107.23,-36.77,21.04,20889,3.53,67.15388879,19.18052092,1.04
77516,-98.07,-27.41,20.94,77516,3.54,237.4052738,-3.43014112,-0.03
56343,-209.09,-41.6,25.23,56343,3.54,173.2510794,-31.85752405,0.92
86263,-39.3,-61.27,30.93,86263,3.54,264.3967718,-15.39840835,0.29
27288,-14.84,-1.18,46.47,27288,3.55,86.73895728,-14.82194717,0.11
99240,1210.29,-1130.34,163.73,99240,3.55,302.1744171,-66.17932101,0.76
69996,-12.81,-3.79,9.27,69996,3.55,214.8509697,-46.05808391,-0.18
20042,62.31,-6.75,18.27,20042,3.55,64.47341068,-33.79833145,-0.09
89937,531.08,-351.59,124.11,89937,3.55,275.2597457,72.73369763,0.62
1562,-14.37,-37.84,11.26,1562,3.56,4.85701265,-8.82382948,1.13
10602,90.75,-21.9,21.06,10602,3.56,34.12708452,-51.51211145,-0.11
55282,-124.47,206.61,16.75,55282,3.56,169.835511,-14.77904358,1.12
82545,-12.92,-23.8,6.31,82545,3.56,253.083973,-38.01747781,-0.21
71053,-100.44,120.22,21.92,71053,3.57,217.957741,30.37114497,1.22
44471,-37.37,-55.39,7.71,44471,3.57,135.9064949,47.15665934,0.03
75177,-91.85,-86.03,9.99,75177,3.57,230.4518186,-36.26116729,1.59
37740,-22.45,-56.24,22.73,37740,3.57,116.1119524,24.39812929,0.9
35350,-46.09,-37.9,34.59,35350,3.58,109.5233616,16.54047526,0.12
100064,61.78,2.85,30.01,100064,3.58,304.5134103,-12.54485877,0.92
57757,740.96,-271.18,91.74,57757,3.59,177.6720255,1.76537705,0.61
60260,-171.06,91.82,14.3,60260,3.59,185.3408804,-60.40136988,1.39
7607,60.9,-112.42,18.76,7607,3.59,24.49792651,48.62848641,1.23
27072,-292.42,-368.45,111.49,27072,3.59,86.11656241,-22.44748663,0.57
24674,-15.31,-9.57,5.88,24674,3.59,79.40166225,-6.84438616,-0.1
6537,-78.38,-206.88,28.48,6537,3.6,21.00604671,-8.18275372,1.05
85727,-53.65,-99.37,17.42,85727,3.6,262.774904,-60.68360667,-0.1
46651,-147.14,48.65,53.89,46651,3.6,142.6754706,-40.46688763,0.43
42536,-24.62,35.09,6.59,42536,3.6,130.0733717,-52.92197259,-0.16
33018,-2.66,-47.67,16.59,33018,3.6,103.1972503,33.96136985,0.14
76470,-13.26,-3.48,16.76,76470,3.6,234.2560775,-28.13507099,1.36
49841,-200.33,-100.28,28.44,49841,3.61,152.6474879,-12.35383921,0.96
63613,263.58,-23.28,35.91,63613,3.61,195.5657397,-71.54879865,1.17
86929,-11.08,-56.37,8.79,86929,3.61,266.4333435,-64.7237345,1.09
15900,-74.25,-80.31,15.42,15900,3.61,51.20349011,9.02906504,0.9
13209,65.47,-116.59,20.45,13209,3.61,42.49578911,27.26079044,-0.08
7097,25.73,-3.29,11.09,7097,3.62,22.87080776,15.34583101,0.94
82729,-126.55,-227.77,21.67,82729,3.62,253.6462716,-42.36075916,1.37
17847,17.77,-44.7,8.57,17847,3.62,57.29054669,24.05352412,-0.03
37819,-10.77,5.97,2.35,37819,3.62,116.3137663,-37.96859848,1.82
113726,22.47,0.24,4.71,113726,3.62,345.4801938,42.32597866,-0.05
57363,-100.42,33.21,25.42,57363,3.63,176.4023639,-66.72884344,0.17
101769,118.28,-47.65,33.49,101769,3.64,309.3869573,14.59520289,0.5
46733,107.55,26.86,43.2,46733,3.65,142.8815403,63.06179545,0.41
110960,191.32,37.47,31.53,110960,3.65,337.2075023,-0.02006304,0.5
20205,115.29,-23.86,21.17,20205,3.65,64.94805793,15.62770031,0.95
88714,-8.43,-9.26,3.22,88714,3.65,271.6578283,-50.09145462,-0.06
77233,68.54,-41.31,21.31,77233,3.65,236.5467288,15.42192602,0.09
75695,-181.39,86.84,28.6,75695,3.66,231.9577163,29.10549164,0.37
76600,-22.1,-26.54,7.33,76600,3.66,234.6641015,-29.77768935,-0.18
68756,-56.52,17.19,10.56,68756,3.67,211.0976084,64.37580873,-0.08
103227,21.06,-24.75,5.41,103227,3.67,313.7024151,-58.4540947,1.11
22549,-3.62,1.03,2.59,22549,3.68,72.80152507,5.60510146,-0.16
97365,-4.58,11.1,7.28,97365,3.68,296.8469384,18.53425912,1.27
42828,-14.28,10.6,3.86,42828,3.68,130.8981145,-33.18641133,-0.17
114341,55.99,31.25,13.96,114341,3.68,347.3615088,-21.17248555,1.16
9007,681.24,284.23,57.19,9007,3.69,28.98680207,-51.60958673,0.9
57399,-138.38,28.37,16.64,57399,3.69,176.5130589,47.77933701,1.15
2920,17.77,-9.15,5.46,2920,3.69,9.24277921,53.89693161,-0.23
23453,8.88,-21.43,4.14,23453,3.69,75.61950025,41.07588953,1.12
106985,187.39,-22.33,23.48,106985,3.69,325.0222594,-16.66225343,0.32
47854,-12.88,8.28,2.16,47854,3.69,146.3117815,-62.50792328,1.03
114971,760.35,17.96,24.92,114971,3.7,349.2895568,3.28224524,0.97
87933,82.33,-18.73,24.12,87933,3.7,269.4409611,29.24792527,0.89
15474,51.35,32.2,12.63,15474,3.7,49.87904033,-21.7579421,2.42
98036,46.35,-481.32,72.95,98036,3.71,298.8281923,6.40793334,0.89
22797,1.43,0.23,2.43,22797,3.71,73.5628985,2.44067149,-0.18
38414,-13.89,5.3,9.46,38414,3.71,118.0543562,-40.57579889,1.04
77622,127.98,61.87,46.39,77622,3.71,237.7037134,4.4775798,0.13
88771,-61.6,79.71,39.4,88771,3.71,271.8375861,9.56365345,0.18
28103,-42.23,139.02,66.47,28103,3.71,89.10132627,-14.16803805,0.39
28358,86.31,-134.05,23.22,28358,3.72,89.88145972,54.28498197,0.99
16537,-976.44,17.97,310.75,16537,3.72,53.23509009,-9.45830584,0.94
17499,21.55,-44.92,8.8,17499,3.72,56.21884811,24.1134484,-0.09
104060,8.6,0.35,2.77,104060,3.72,316.2327325,43.92785122,1.63
107089,64.83,-240.38,47.22,107089,3.73,325.368638,-77.38946215,0.98
112961,19.51,32.71,8.33,112961,3.73,343.1536019,-7.57967878,2.07
72220,-116.04,-21.75,25.35,72220,3.73,221.5624659,1.8929383,0.01
87585,93.65,78.44,29.26,87585,3.73,268.3817896,56.87245216,1.11
16083,53.61,-38.12,14.68,16083,3.73,51.79217049,9.7327724,-0.07
8645,38.78,-38.04,12.59,8645,3.74,27.86504416,-10.33494526,1.07
80170,-47.44,44.61,16.69,80170,3.74,245.480182,19.15302185,0.34
104887,195.74,410.02,47.8,104887,3.74,318.6972776,38.04432043,0.46
87108,-23.15,-75.12,34.42,87108,3.75,266.9732252,2.70745875,0.05
44511,-46.82,-9.57,10.55,44511,3.75,136.0388356,-47.09771376,1.11
95853,20.92,128.12,26.63,95853,3.76,292.4264139,51.72946747,0.18
30867,-7,-4.97,4.72,30867,3.76,97.20447548,-7.03305042,-0.11
111169,137.22,17.15,31.86,111169,3.76,337.822399,50.28244976,0.05
93683,76.26,-58.08,23.49,93683,3.76,286.1705577,-21.74135451,0.98
27654,228.96,-647.96,29.05,27654,3.76,87.82980343,-20.87751376,1.05
26069,1.06,12.56,3.14,26069,3.76,83.40631813,-62.48985585,0.69
26549,4.61,-0.4,2.84,26549,3.77,84.68652211,-2.60006791,-0.25
42570,-6.3,4.29,1.05,42570,3.77,130.1565637,-46.64875492,0.92
20455,107.75,-28.84,21.29,20455,3.77,65.73344722,17.5425843,0.93
101958,54.14,7.91,13.55,101958,3.77,309.909394,15.9120527,-0.01
105881,-2.61,18.88,8.19,105881,3.77,321.6667821,-22.41137838,0.88
82363,39.59,-25.28,10.41,82363,3.77,252.4462976,-59.04131648,1.67
109176,296.73,26.93,85.06,109176,3.77,331.7519773,25.3450461,0.51
13268,16.64,-13.76,2.45,13268,3.77,42.67413655,55.89552955,1.64
17529,-14.59,1.75,5.86,17529,3.77,56.29851422,42.57854437,0.52
41312,-35.83,-152.15,30.21,41312,3.77,126.4343594,-66.13652042,1.1
71795,52.36,-12.71,18.07,71795,3.78,220.2871682,13.72833113,0.06
102618,31.89,-35.32,14.21,102618,3.78,311.9188857,-9.49568988,-0.01
48319,-294.45,-151.75,28.35,48319,3.78,147.7487154,59.03910437,0.39
36046,-121.28,-84.43,25.9,36046,3.78,111.4319837,27.79828561,1.01
34481,23.71,108.06,23.02,34481,3.78,107.1867688,-70.49919435,0.94
53253,79.75,38.65,33.71,53253,3.78,163.3731926,-58.85326474,0.96
53229,92.47,-286.06,33.4,53229,3.79,163.3276661,34.21556641,1.07
14668,173.01,-142.05,29.05,14668,3.79,47.37345463,44.85788896,0.94
99675,4.2,1.87,2.41,99675,3.8,303.4079278,46.74132417,1.15
94779,60.22,122.93,26.48,94779,3.8,289.2754579,53.36816064,0.85
14879,371.49,612.26,70.86,14879,3.8,48.01783332,-28.98910623,0.63
37229,-17,23.08,7.18,37229,3.8,114.7078387,-26.8038924,-0.15
76276,-72.63,3.17,15.54,76276,3.8,233.7007926,10.53885916,0.3
116584,159.22,-421.46,38.74,116584,3.81,354.3904487,46.45917621,0.96
51232,-13.25,2.21,3.13,51232,3.81,156.9697711,-58.73940856,0.41
76952,-112.52,50.7,22.48,76952,3.81,235.6859927,26.29551419,0.04
21393,-48.92,-12.75,15.62,21393,3.81,68.88779874,-30.56231049,0.93
9487,33.29,-0.42,23.45,9487,3.82,30.51166929,2.76376048,0.05
80883,-31.37,-73,19.63,80883,3.82,247.7285051,1.98410056,0.03
45688,-32.61,-123.78,26.75,45688,3.82,139.7111139,36.80289763,0.12
86414,-7.17,3.97,6.58,86414,3.82,264.8662185,46.00632216,-0.21
56211,-41.14,-18.79,9.76,56211,3.82,172.851202,69.33112161,1.79
51069,-128.51,-80.06,13.14,51069,3.83,156.5229377,-16.83609584,1.47
68245,-23.68,-19.82,7.01,68245,3.83,209.5678528,-42.10070526,-0.23
72370,-5.67,-15.75,7.93,72370,3.83,221.9655257,-79.04471242,1.42
43783,-28.18,42.24,10.45,43783,3.84,133.7619236,-60.64471195,-0.08
97433,80.18,39.02,22.4,97433,3.84,297.0425566,70.26783533,0.88
17440,308.39,78.72,32.71,17440,3.84,56.04814541,-64.80709398,1.11
51624,-5.57,-3.59,0.57,51624,3.84,158.2028131,9.30659431,-0.13
89341,1.72,-1.39,0.11,89341,3.84,273.4408696,-21.05883031,0.21
51986,-131.48,-1.58,37.71,51986,3.84,159.3260698,-48.22561631,0.35
20885,104.76,-15.01,20.66,20885,3.84,67.14346805,15.96221721,1.02
17448,8.11,-10.32,2.21,17448,3.84,56.07969347,32.28827325,0.12
88794,-0.17,7.51,9.39,88794,3.84,271.8856282,28.76247025,-0.02
61199,-50.59,-5.16,10.07,61199,3.84,188.117129,-72.1329759,-0.14
91117,-18.98,-314.63,18.72,91117,3.85,278.8018244,-8.24330819,1.28
27321,4.65,81.96,51.87,27321,3.85,86.82118054,-51.06671329,0.18
19747,41.89,-203.65,27.85,19747,3.85,63.5003388,-42.29387294,1.09
61622,-186.61,-6.45,24.77,61622,3.85,189.4263659,-48.54128816,0.06
78072,311.2,-1282.17,89.92,78072,3.85,239.112476,15.66473327,0.54
50191,-150.68,49.84,31.72,50191,3.85,153.684474,-42.12206281,0.03
90139,195.54,-242.92,25.4,90139,3.85,275.9240282,21.77034249,1.13
30277,-24.19,-52.48,13.75,30277,3.85,95.52852147,-33.43627251,0.88
61281,-58.14,11.42,6.55,61281,3.85,188.3710104,69.78820992,-0.02
110395,129.24,8.9,20.67,110395,3.86,335.4137498,-1.38735315,-0.06
25859,28.36,-34.11,11.77,25859,3.86,82.8030645,-35.47043592,1.09
79664,3.51,-13.49,5.25,79664,3.86,243.8594423,-63.68564897,1.03
87808,2.74,7.24,4.87,87808,3.86,269.0632439,37.25052158,1.17
4436,152.78,36.82,23.93,4436,3.86,14.18790699,38.49925513,0.14
21594,-77.86,-178.06,29.84,21594,3.86,69.54529558,-14.303587,1.09
81065,-125.68,-77.59,20.44,81065,3.86,248.3644341,-78.89695917,0.92
97804,6.94,-7.3,2.78,97804,3.87,298.1181826,1.00567827,0.73
68282,-27.97,-21.69,7.81,68282,3.87,209.6698807,-44.8035314,-0.22
43023,-12.23,4.82,2.1,43023,3.87,131.5068946,-46.0415392,0.09
17573,21.09,-45.03,9.06,17573,3.87,56.45663804,24.36785796,-0.02
78104,-15.2,-25.1,7.97,78104,3.87,239.2211944,-29.21401221,-0.18
71957,104.23,-319.9,53.54,71957,3.87,220.7648428,-5.6574291,0.47
74376,-96.52,-47.97,17.89,74376,3.88,227.9840043,-48.73770212,-0.02
765,122.15,-180.13,23.28,765,3.88,2.35224949,-45.74698836,1
114421,132.42,-26.27,17.63,114421,3.88,347.5892831,-45.24664747,0.95
48455,-216.29,-54.92,24.52,48455,3.88,148.1914903,26.00708498,1.13
8832,79.43,-99.1,15.96,8832,3.88,28.38235506,19.29409264,-0.03
45336,112.57,-306.07,25.34,45336,3.89,138.5908053,2.31502422,-0.07
13701,77.73,-219.99,24.49,13701,3.89,44.10668245,-8.89760976,1.08
98110,-34,-27.6,23.4,98110,3.89,299.0766507,35.08349079,0.98
60129,-59.14,-23.13,13.06,60129,3.89,184.976631,-0.66674709,0.03
33152,-3.46,5.02,1.65,33152,3.89,103.5331452,-24.18422296,1.58
55425,-35.32,-2.2,10.15,55425,3.9,170.2518427,-54.49101395,-0.16
47431,47.81,-62.92,11.83,47431,3.9,144.9638916,-1.14265722,1.29
65936,-15.65,-11.25,2.6,65936,3.9,202.7611186,-39.40727983,1.1
41307,-66.05,-24.2,26.09,41307,3.91,126.4152955,-3.90636482,-0.02
60823,-32.49,-12.41,7.36,60823,3.91,187.0100483,-50.2306048,-0.2
18907,5.52,-1.63,25.24,18907,3.91,60.78907003,5.98930909,0.03
73807,-23.39,-21.11,6.56,73807,3.91,226.279607,-47.05119386,-0.15
76333,65.67,6.93,21.42,76333,3.91,233.881414,-14.78955365,1.02
79992,-13.15,39.31,10.37,79992,3.91,244.9351996,46.31327084,-0.19
104987,59.63,-94.33,17.51,104987,3.92,318.9558198,5.2480739,0.62
83207,-47.68,26.89,20.04,83207,3.92,255.0725258,30.92633926,-0.04
95168,-26.95,22.24,26.79,95168,3.92,290.4182304,-17.84725155,0.25
21444,1.73,-4.54,5.56,21444,3.93,69.07975243,-3.352448,-0.2
37504,33.38,15.29,24.36,37504,3.93,115.4549835,-72.60613528,1.02
2072,106.14,32.83,42.51,2072,3.93,6.55048418,-43.67990933,0.2
7083,138.22,154.2,22.15,7083,3.93,22.81242306,-49.07307701,1
54463,-5.03,2.09,0.55,54463,3.93,167.1474818,-58.97504198,1.19
13531,-1.99,-4.53,13.15,13531,3.93,43.564427,52.76248991,0.8
88192,0.41,-8.22,2.3,88192,3.93,270.1613147,2.93158759,0.1
78933,-10.55,-23.73,7.7,78933,3.93,241.701802,-20.66913479,0.01
5348,21.17,29.7,11.66,5348,3.94,17.0960837,-55.24583235,-0.08
37447,-74.8,-19.64,22.61,37447,3.94,115.3119861,-9.55108315,1.01
37677,-4.57,3.88,-0.37,37677,3.94,115.9519672,-28.9548352,0.34
42911,-17.1,-228.46,23.97,42911,3.94,131.1712921,18.15486399,1.01
103413,8.51,-23.97,9.17,103413,3.94,314.2933818,41.16719384,0.01
9598,-44,22.51,20.12,9598,3.95,30.85912643,72.42123962,0.03
31592,62.32,-69.91,50.41,31592,3.95,99.17082883,-19.25570928,1.02
45101,-38.04,15.93,6.53,45101,3.96,137.8198661,-62.31701587,-0.18
95347,32.67,-120.81,19.2,95347,3.96,290.9714641,-40.61564629,-0.1
95241,7.31,-22.43,8.62,95241,3.96,290.6595272,-44.45891013,-0.07
19343,20.19,-33.26,5.89,19343,3.96,62.16530527,47.71259359,0.08
99848,3.88,1.2,2.94,99848,3.96,303.8679927,47.7142053,1.45
28328,18.53,-11.45,6.14,28328,3.96,89.78662719,-42.81510761,1.06
44248,-487.67,-219.29,60.86,44248,3.96,135.1614677,41.78344401,0.53
115438,-120.27,-96.7,20.14,115438,3.96,350.7429228,-20.10034505,1.1
98495,80.54,-131.34,30.73,98495,3.97,300.1474723,-72.91018443,-0.04
42515,9.68,-21.18,8.4,42515,3.97,130.0255689,-35.30830091,0.91
77634,-5.92,-24.91,15.86,77634,3.97,237.7397573,-33.62710488,-0.05
112440,56.99,-10.46,8.26,112440,3.97,341.6326766,23.56567939,0.99
59449,-42.17,-18.39,9.53,59449,3.97,182.9131309,-52.36841559,-0.17
110997,25.62,-4.23,11.03,110997,3.97,337.3173087,-43.49555433,0.98
27673,8.48,0.39,15.17,27673,3.97,87.87246934,39.14847936,1.07
20535,73.77,57.57,11.95,20535,3.97,66.00902233,-34.01698632,1.53
35228,-4.11,8.5,4.94,35228,3.97,109.2076284,-67.95717248,0.78
18614,1.92,2.3,1.84,18614,3.98,59.74124892,35.79102701,0.16
106481,-24.48,-93.88,26.2,106481,3.98,323.4953036,45.59206564,0.94
114996,-34.93,79.59,45.4,114996,3.99,349.3575502,-58.23592762,0.5
9347,133.01,-24.53,10.84,9347,3.99,30.0009367,-21.07777193,1.79
65477,120.35,-16.94,40.19,65477,3.99,201.3058983,54.98799884,0.19
29651,-6.18,-20.06,5.06,29651,3.99,93.71390194,-6.27472737,1.27
50954,-16.12,-27.63,61.67,50954,3.99,156.0989187,-74.03154474,0.43
79374,-9.7,-25.25,7.47,79374,4,242.9989188,-19.46064684,0.14
44382,-2.01,-95.8,26.24,44382,4,135.6116618,-66.39584369,0.15
55642,140.75,-77.8,41.26,55642,4,170.9807033,10.52969772,0.47
101076,6.87,-0.64,4.3,101076,4.01,307.348879,30.36855661,0.46
34088,-5.72,-0.96,2.79,34088,4.01,106.0272308,20.57029939,0.9
91792,1.25,-158.29,15.55,91792,4.01,280.758891,-71.42772867,1.14
80000,-159.36,-52.84,25.58,80000,4.01,244.9606983,-50.15537923,1.03
78527,-320.07,334.96,47.79,78527,4.01,240.4737656,58.56443739,0.55
71865,-29.56,-30.68,10.69,71865,4.01,220.4900532,-37.79342394,-0.18
22109,17.27,-13.51,6.13,22109,4.01,71.37558764,-3.25462465,-0.13
35037,-11.5,7.67,3.53,35037,4.01,108.7027568,-26.77268601,-0.08
8068,24.08,-13.59,4.55,8068,4.01,25.9150637,50.6887655,-0.08
43409,-133.49,88.16,15.63,43409,4.02,132.6333805,-27.71005869,1.24
93244,-52.68,-73.81,21.22,93244,4.02,284.9057884,15.06847757,1
93429,-24.15,-39.73,21.95,93429,4.02,285.4201724,-5.73901832,1.08
59199,100.18,-39.33,67.71,59199,4.02,182.1031361,-24.72877993,0.4
23522,-6.11,-14.78,3.27,23522,4.03,75.854572,60.44228144,0.89
101421,10.75,-28.54,9.09,101421,4.03,308.3031866,11.30333217,-0.1
63003,-30.45,-13.55,8.64,63003,4.03,193.6485734,-57.17789116,-0.26
88601,124.56,-962.66,196.62,88601,4.03,271.3633868,2.50243928,0.96
118268,148.49,-112.16,30.78,118268,4.03,359.8275099,6.86359373,0.49
43103,-20.69,-43.95,10.94,43103,4.03,131.6743096,28.76000509,0.96
10670,44.91,-52.42,27.73,10670,4.03,34.32848216,33.84732099,-0.02
111497,88.56,-56.1,17.77,111497,4.04,338.8388705,-0.11736123,-0.07
70497,-236.06,-399.07,68.63,70497,4.04,216.3000806,51.85171354,0.59
57380,-19.65,-180.02,10.42,57380,4.04,176.4648773,6.52981394,1.79
19587,11.92,81.28,25.98,19587,4.04,62.96638834,-6.8377787,0.38
40702,109.84,106.92,51.4,40702,4.05,124.6302785,-76.91998251,0.49
55434,-91.76,-12.83,15.24,55434,4.05,170.2843673,6.02935289,-0.06
71536,-27.78,-29.05,10.51,71536,4.05,219.4718797,-49.42575765,-0.16
67459,-93.64,40.76,13.29,67459,4.05,207.3695744,15.79780583,1.6
70090,-64.5,-11.39,13.19,70090,4.05,215.1394971,-37.88526711,-0.02
42884,-23.88,19.46,14.27,42884,4.05,131.0998583,-42.64932331,0.89
112716,-12.58,-38.8,8.58,112716,4.05,342.3979576,-13.59253756,1.72
14632,1262.29,-91.53,94.93,14632,4.05,47.26201363,49.61350009,0.65
60009,-33.19,-10.38,9.03,60009,4.06,184.609553,-64.00304555,-0.18
83153,1.12,21.53,10.72,83153,4.06,254.8960277,-53.16049005,1.42
22957,-77.77,-45.97,19.26,22957,4.06,74.09300449,13.51457755,1.16
36962,-39.58,-108.08,13.57,36962,4.06,113.9807178,26.89600343,1.66
72010,-60.93,-176.82,15.89,72010,4.06,220.9145146,-35.17322549,1.35
55705,-97.01,3.22,38.9,55705,4.06,171.2207634,-17.68401748,0.24
59929,-231.26,-26.37,10.8,59929,4.06,184.394318,-67.96067161,2.82
74117,-17.32,-26.11,8.02,74117,4.07,227.2109565,-45.27979406,-0.18
69701,-25.84,-419.84,46.74,69701,4.07,214.0036872,-5.99952622,0.59
110991,16.47,3.55,3.32,110991,4.07,337.2926998,58.4151899,0.81
74824,-98.39,-135.46,33.75,74824,4.07,229.3790009,-58.80087882,0.08
53740,-462.39,129.11,18.71,53740,4.08,164.9447866,-18.29909723,1.06
33160,-139.04,-14.47,12.94,33160,4.08,103.5478363,-12.03859273,1.49
11001,-50.07,2.38,24.1,11001,4.08,35.43759585,-68.6594239,0.04
46974,-11.23,6.02,1.65,46974,4.08,143.611096,-59.22976797,0.01
3693,-101.23,-81.89,17.98,3693,4.08,11.83495908,24.26737703,1.06
105502,105.94,62.61,21.19,105502,4.08,320.5213912,19.80435581,1.05
12387,14.44,-2.53,5.04,12387,4.08,39.87061789,0.3285168,-0.22
104139,79.64,-61.64,20.61,104139,4.08,316.4865808,-17.23271095,0
92862,19.94,80.6,9.33,92862,4.08,283.8336882,43.9458926,3.14
14146,-145.96,-55.76,37.85,14146,4.08,45.59830468,-23.62433613,0.18
26366,96.84,-304.18,28.1,26366,4.09,84.22637775,9.291412,1.02
77450,-51.78,-88.72,9.36,77450,4.09,237.1850359,18.1417793,1.73
12777,334.03,-89.96,89.03,12777,4.1,41.04869991,49.22866639,0.59
90568,137.9,-229.14,25.6,90568,4.1,277.2072332,-49.07003097,1.02
94160,5.89,-36.78,6.42,94160,4.1,287.5073019,-39.34070677,1.11
38164,-4.62,9.04,1.66,38164,4.1,117.3095792,-46.37322729,-0.17
7513,-172.57,-381.01,74.25,7513,4.1,24.19990413,41.40638491,0.58
34045,-0.81,-11.2,8.11,34045,4.11,105.9395549,-15.63325876,-0.09
48356,18.68,-21.88,11.92,48356,4.11,147.8695103,-14.84654997,0.92
76440,24.51,-54.66,15.09,76440,4.11,234.1799454,-66.31690469,1.12
12486,135.17,-27.34,22.42,12486,4.11,40.16638213,-39.85530905,1.05
42312,-10.38,9.47,2.27,42312,4.11,129.4110057,-42.98910371,0.2
113638,-65.09,-12.91,28.99,113638,4.11,345.2203098,-52.75410562,1.01
94114,85.73,-96.65,25.15,94114,4.11,287.3678264,-37.90423953,0.03
57439,-21.85,-16.23,7.51,57439,4.11,176.6285375,-61.17835907,0.88
51839,-38,11.53,7.89,51839,4.11,158.8675767,-78.60781379,1.71
12394,87.4,0.56,21.27,12394,4.12,39.8967653,-68.2669476,-0.07
58948,-220.32,57.52,19.08,58948,4.12,181.30279,8.73284563,0.96
111043,-14.93,1.79,10.04,111043,4.12,337.4393561,-43.74922804,2.49
98032,23.37,51.6,17.24,98032,4.12,298.8153295,-41.8684135,1.09
19812,5.04,-17.35,4.51,19812,4.12,63.72440722,48.40937312,0.93
102978,-7.97,-2.54,5.19,102978,4.12,312.9554008,-26.91912642,1.76
28614,14.19,-37.44,21.49,28614,4.12,90.59579323,9.64736756,0.19
116771,376.32,-437,72.51,116771,4.13,354.9867513,5.62735374,0.59
102485,-51.38,-156.66,68.16,102485,4.13,311.5240255,-25.27051682,0.49
77853,100.12,135.27,20.02,77853,4.13,238.4561544,-16.7296223,1.02
30883,-5.98,-14.08,6.49,30883,4.13,97.24079361,20.2121672,-0.1
25247,-13.91,-44.8,18.71,25247,4.13,80.98681839,-7.80795569,0.97
112405,-55.35,0.88,23.23,112405,4.13,341.5155139,-81.38161731,0.24
42313,-70.27,-6.99,18.21,42313,4.14,129.4141974,5.70379868,0.02
16369,18.94,-1.55,9.05,16369,4.14,52.71819576,12.93668186,1.01
17608,21.17,-42.67,9.08,17608,4.14,56.58150135,23.94846207,0.02
109937,8.74,0.76,5.2,109937,4.14,333.9923757,37.74873483,1.33
107354,46.66,13.47,28.34,107354,4.14,326.1612676,25.64500284,0.48
76127,-19.62,-8.94,10.49,76127,4.14,233.2324831,31.35915517,-0.12
78159,-76.55,-60.24,14.2,78159,4.14,239.3970912,26.87802632,1.17
59072,34.27,-37.49,50.79,59072,4.14,181.7202202,-64.61363898,0.41
116805,81.33,-18.96,19.22,116805,4.15,355.1018409,44.33397776,-0.06
85112,-38.58,9.19,8.12,85112,4.15,260.9207203,37.14592396,0.01
34769,-0.22,6.68,8.7,34769,4.15,107.9660849,-0.49278056,0.02
28734,-2.6,-119.72,21.64,28734,4.16,91.0300689,23.26363207,0.88
36366,159.33,193.82,54.06,36366,4.16,112.2775405,31.78407932,0.4
85340,-1.97,-117.69,38.96,85340,4.16,261.5925724,-24.17502346,0.3
110003,118.95,-21.91,17.04,110003,4.17,334.2081933,-7.78323706,0.95
17874,-49.42,-56.63,15.54,17874,4.17,57.36367035,-36.2001125,0.92
2599,3.99,-2.1,0.79,2599,4.17,8.24994391,62.93178781,0.17
69427,8.04,140.79,14.59,69427,4.18,213.2239209,-10.274044,1.35
109857,476.45,50,38.86,109857,4.18,333.7569958,57.04346522,0.33
81304,14.72,12.14,9.63,81304,4.18,249.0935872,-35.25535553,1.72
111954,22.01,-0.88,4.38,111954,4.18,340.1638565,-27.0436148,-0.07
69732,-187.42,159.01,33.58,69732,4.18,214.0965682,46.08791894,0.04
67457,-42.59,-59.87,18.39,67457,4.19,207.3614636,-34.45063035,3
92043,-9.25,-335.65,52.37,92043,4.19,281.4155466,20.54712356,0.55
25813,6.57,-32.45,11.3,25813,4.2,82.69603301,5.94821792,-0.14
113246,10.84,30.32,19.14,113246,4.2,343.9870501,-32.53970196,0.96
51233,-127.52,-109.62,22.34,51233,4.2,156.9712187,36.70747818,0.89
112447,233.06,-492.04,61.54,112447,4.2,341.672673,12.17408381,0.6
38835,-29.61,12.28,6.49,38835,4.2,119.2148262,-22.88014849,0.75
81126,-9.03,59.8,10.79,81126,4.2,248.5257886,42.43689565,0.02
82080,19.54,4.67,9.41,82080,4.21,251.4923396,82.03725071,0.91
20635,105.49,-44.14,21.27,20635,4.21,66.34207825,22.29398098,0.16
105858,81.08,800.68,108.5,105858,4.21,321.6103839,-65.36814438,0.61
16228,-0.82,-1.85,0.76,16228,4.21,52.26722684,59.94033461,0.58
101093,45,-13.31,24.04,101093,4.21,307.3951138,62.99413722,0.2
114724,46.22,-195.85,14.68,114724,4.22,348.5805522,-6.0485268,1.89
92609,-1.33,-13.53,1.8,92609,4.22,283.0543189,-62.18756062,-0.14
17651,-159.86,-528.54,55.79,17651,4.22,56.71245432,-23.248438,0.51
13254,195.68,-108.92,25.54,13254,4.22,42.64547584,38.31890838,0.41
38518,-4.9,5.89,1.68,38518,4.22,118.3256786,-48.10294824,-0.11
80569,-5.58,-22.22,6.67,80569,4.22,246.7559929,-18.45619698,0.24
102453,-8.01,24.04,15.84,102453,4.22,311.415663,30.7196568,1.01
78918,-15.84,-31.06,7.94,78918,4.22,241.6481513,-36.80221297,-0.19
92175,-7.71,-15.89,4.73,92175,4.22,281.7936556,-4.74782871,1.09
92791,-6.73,3.26,3.63,92791,4.22,283.6262029,36.89860518,2.6
89908,-5.91,35.79,11.28,89908,4.22,275.1893383,71.33772734,-0.11
105102,0.43,-3.61,0.72,105102,4.22,319.3539689,39.39469016,0.25
107259,5.24,-2.88,0.62,107259,4.23,325.8768956,58.78005308,3.57
81852,-282.83,-355.03,20.69,81852,4.23,250.7725818,-77.51657182,1.04
68520,17.41,-21.2,14.94,68520,4.23,210.4115965,1.54458338,0.14
1599,1707.56,1165.36,116.38,1599,4.23,5.00797581,-64.8776232,0.65
67153,-461.85,-146.17,51.91,67153,4.23,206.4231943,-33.04336606,0.44
64394,-801.94,882.7,109.23,64394,4.23,197.9705112,27.87603769,0.67
93825,96.93,-279.67,55.89,93825,4.23,286.6043316,-37.06275714,0.59
37629,61.84,-231.26,26.68,37629,4.23,115.8278555,28.8840717,1.12
79101,-25.98,35.86,14.27,79101,4.23,242.1924972,44.93481883,-0.02
107533,3.61,-1.86,2.82,107533,4.23,326.6983579,49.3095748,-0.13
61317,-705.06,292.93,119.46,61317,4.24,188.4378856,41.35676779,0.67
11407,19.97,-5.44,6.17,11407,4.24,36.74627081,-47.70382692,-0.11
86565,-72.16,-55.22,19.41,86565,4.24,265.3538188,-12.87517268,0.1
80911,-11.51,-18.56,4.37,80911,4.24,247.8455896,-34.70432087,-0.17
60000,-38.07,12,12.05,60000,4.24,184.5872663,-79.31226899,-0.11
5372,80.34,-11.36,10.43,5372,4.24,17.18399735,86.25711803,1.16
114855,368.56,-17.02,21.97,114855,4.24,348.9719873,-9.08769554,1.06
12770,-7.58,-8.4,7.4,12770,4.24,41.03064356,-13.85867594,-0.11
23972,0,-2.01,1.86,23972,4.25,77.28659571,-8.75407607,-0.16
41075,-25.62,-99.44,8.39,41075,4.25,125.7088754,43.18837233,1.61
21402,44.89,-52.42,21.68,21402,4.25,68.91347315,10.16091706,0.21
62896,69.64,-21.83,21.03,62896,4.25,193.3589416,-40.17881857,0.27
70692,8.71,22.09,9.46,70692,4.25,216.8813438,75.69593921,1.42
19167,-13.03,-36.37,9.41,19167,4.25,61.64606374,50.35135022,0.08
107418,-3.08,-1.86,0.64,107418,4.25,326.3622053,61.12081043,0.73
21476,-5.42,-19.19,5.08,21476,4.25,69.17264013,41.26485467,1.13
5896,411.11,127.43,48.94,5896,4.25,18.93956391,-68.87623708,0.55
22783,0.49,7.31,0.47,22783,4.26,73.51254425,66.34266029,0.09
16611,44.91,-27.47,11.02,16611,4.26,53.44686638,-21.63281597,-0.09
5434,3.81,-13.02,4.43,5434,4.26,17.37550908,47.2418241,-0.02
15510,3038.08,726.34,165.02,15510,4.26,49.97177014,-43.07154929,0.79
86170,-18.47,-182.29,22.64,86170,4.26,264.1368615,-38.63486521,1.09
8198,70.82,38.99,12.63,8198,4.26,26.34828629,9.15764102,0.93
19893,100.57,184.23,49.26,19893,4.26,64.00621426,-51.48709578,0.37
44066,41.45,-29.22,18.79,44066,4.26,134.6216541,11.85777198,0.14
88267,7.55,38.79,6.93,88267,4.26,270.3766789,21.59568814,0.47
108917,214.46,89.29,32.07,108917,4.26,330.9465078,64.62775425,0.44
115830,-123.83,-43.26,20.54,115830,4.27,351.9923659,6.37909727,1.03
12828,285.17,-30.4,38.71,12828,4.27,41.23488901,10.11421979,0.37
4906,-80.57,25.88,17.14,4906,4.27,15.73606615,7.89007256,0.98
95294,92.78,-53.73,23.52,95294,4.27,290.8044192,-44.79964788,0.42
102532,-25.88,-196.27,32.14,102532,4.27,311.6646583,16.12477326,1.03
21589,101.73,-14.9,21.79,21589,4.27,69.53917371,12.51087423,0.15
21881,-2.84,-20.33,8.14,21881,4.27,70.56126452,22.95697545,-0.1
19860,20.39,-21.75,7.5,19860,4.27,63.88352173,8.89240989,-0.02
64004,-26.24,-12.43,7.92,64004,4.27,196.7277627,-49.90621586,-0.18
74911,-31.74,-32.82,11.22,74911,4.27,229.6335359,-47.87519201,-0.07
105515,30.83,5.26,15.13,105515,4.28,320.5615726,-16.83455521,0.89
20711,108.66,-45.83,21.07,20711,4.28,66.57664484,22.81369394,0.32
99655,60.85,82.26,21.41,99655,4.28,303.3491714,56.56752223,0.14
114131,-48.35,-13.98,24.51,114131,4.28,346.7198686,-43.52032436,0.44
109410,-12.34,-17.94,12.96,109410,4.28,332.496886,33.17826747,0.52
85423,14.38,-137.41,29.26,85423,4.28,261.8386001,-29.86669942,0.45
51172,-80.42,9.63,8.9,51172,4.28,156.7881495,-31.06780228,1.47
47193,-16.77,-15.95,3.03,47193,4.28,144.2722997,81.32642085,1.46
77055,20.07,-2.5,8.68,77055,4.29,236.0144331,77.79449901,0.05
16852,-232.69,-482,72.89,16852,4.29,54.21882896,0.40283316,0.66
52154,-18.87,4.31,3.62,52154,4.29,159.8267189,-55.60327905,0.96
116631,27.72,-1.21,6.49,116631,4.29,354.5340797,43.2680761,-0.06
57936,-58.02,2.4,8.93,57936,4.29,178.2273387,-33.90813014,-0.07
111188,59.64,-18.7,21.99,111188,4.29,337.8762065,-32.34602798,0.03
24845,-2.49,-4.74,3.03,24845,4.29,79.89385817,-13.17677698,-0.26
80894,-44.57,-38.04,15.53,80894,4.29,247.7849789,-16.61264015,0.89
109139,40.45,-57.16,18.9,109139,4.29,331.6091889,-13.86954013,-0.06
61174,-424.37,-58.41,54.92,61174,4.3,188.0186865,-16.19586556,0.44
20648,108.26,-32.47,22.05,20648,4.3,66.37215593,17.92798917,0.08
56647,1.3,43.43,18.31,56647,4.3,174.2372077,-0.82385424,0.98
100027,22.24,0.75,4.75,100027,4.3,304.4119005,-12.50821403,1.05
70069,-9.29,-7.57,2.75,70069,4.3,215.0814698,-56.38647906,0.21
57669,-17.93,4.44,7.1,57669,4.3,177.4212002,-63.78848906,-0.09
17531,19.35,-41.63,8.75,17531,4.3,56.30200876,24.46737879,-0.08
28404,-2.42,-7.32,3.88,28404,4.3,89.98375587,45.93675346,2.51
17797,75.83,-10.69,20.23,17797,4.3,57.14926223,-37.62012878,-0.02
53417,-78.41,-14.89,11.29,53417,4.3,163.9035334,24.74975451,0.07
4577,22.44,6.3,4.85,4577,4.3,14.65144118,-29.35746436,-0.12
11484,41.72,-14.46,18.53,11484,4.3,37.03965786,8.4600887,-0.06
42799,-19.14,-1.29,6.99,42799,4.3,130.8061932,3.39866539,-0.2
42568,-6.87,4.92,2.31,42568,4.31,130.1543132,-59.76101468,-0.08
75411,-147.68,84.69,26.96,75411,4.31,231.1230676,37.37696091,0.35
70638,-95.79,-12.91,11.7,70638,4.31,216.7322531,-83.66785308,1.3
101847,15.66,-17.01,8.5,101847,4.31,309.5844729,-1.10507951,0.91
78990,43.68,-45.3,12.32,78990,4.31,241.8512506,-20.8686541,0.85
43067,17.57,-6.22,14.38,43067,4.32,131.5938644,-13.54770494,0.91
84880,42.75,2.72,16.86,84880,4.32,260.2068148,-12.846882,0.07
58758,-152.53,6.1,14.19,58758,4.32,180.7570797,-63.31294495,0.36
29696,-70.9,-261.73,19.31,29696,4.32,93.84473576,29.49871224,1.04
64241,-445.95,129.69,69.81,64241,4.32,197.4981226,17.52911621,0.53
46750,-19.38,-39.04,9.69,46750,4.32,142.9301682,22.96806545,1.63
25945,-0.34,-4.51,1.7,25945,4.32,83.0531302,18.59424525,2.54
21763,28.21,-97.09,9.03,21763,4.32,70.11039135,-19.67125686,2.27
67669,-35.74,-30.14,10.96,67669,4.32,207.9567718,-32.99401625,-0.12
72683,-24.79,-26.8,8,72683,4.32,222.9096805,-43.57529383,-0.14
16826,21.41,-27.58,4.66,16826,4.32,54.12233383,48.19270068,0.07
88866,17.45,-207.64,23.55,88866,4.33,272.1449619,-63.66804844,0.23
62867,-79.18,-25.34,10.77,62867,4.33,193.2790691,-48.94325313,1.33
36284,-59.29,10.76,8.2,36284,4.33,112.0409561,8.92550376,1.48
84405,-473.69,-1143.93,167.08,84405,4.33,258.838697,-26.60004896,0.92
89826,-16.14,41.32,13.71,89826,4.33,274.965505,36.06444696,1.1
70576,13.55,-6.35,10.38,70576,4.33,216.5450065,-45.37926095,0.58
45496,-27.77,-14.77,6.08,45496,4.34,139.0504268,-57.54143764,1.83
40888,-129.09,40.78,21.22,40888,4.34,125.162033,-77.4845764,1.1
47175,-130.56,42.29,30.35,47175,4.34,144.2069042,-49.3551286,0.18
27100,-28.38,6.12,22.48,27100,4.34,86.19341279,-65.7355408,0.27
3031,-229.41,-254.08,19.34,3031,4.34,9.63958024,29.312369,0.92
107348,7.9,-10.75,3.62,107348,4.34,326.1278772,17.35004352,1.05
68523,3.89,-20.94,7.28,68523,4.34,210.4312165,-45.60336989,0.65
2912,15.23,-3.56,4.97,2912,4.34,9.22016239,33.71935227,-0.08
111022,-0.6,-3.37,2.8,111022,4.34,337.3825947,47.70689488,1.9
92161,83.74,119.01,35.17,92161,4.34,281.7550932,18.18122968,0.16
76552,-147.6,56.35,14.19,76552,4.34,234.5138429,-42.56748493,1.42
91971,29.26,26.57,21.23,91971,4.34,281.1930661,37.60505025,0.18
5542,226.62,-19.34,23.73,5542,4.34,17.77471116,55.14994765,0.19
31125,-2.72,6.45,1.59,31125,4.34,97.96403433,-23.41843727,-0.24
85355,1.25,7.09,2.78,85355,4.34,261.628665,4.14034239,1.44
60742,-83.41,-80.99,19.18,60742,4.35,186.7346983,28.26861975,1.04
43234,-17.51,-29.79,9.67,43234,4.35,132.1082535,5.83788486,-0.03
107380,31.79,-94,15.93,107380,4.35,326.2366159,-33.02555306,-0.05
22509,-0.87,-31.57,16.84,22509,4.35,72.65300943,8.90025258,0.04
90098,0.53,1.7,7.76,90098,4.35,275.8067524,-61.49390506,1.5
39794,-29.88,30.58,5.08,39794,4.35,121.98267,-68.61713647,-0.1
14838,154.61,-8.39,19.44,14838,4.35,47.90695691,19.72669777,0.96
31407,-7.65,11.33,1.85,31407,4.35,98.74411397,-52.97563454,0.06
33449,6.58,-123.53,19.14,33449,4.35,104.3191605,58.42305973,0.85
94713,-0.49,1.23,4.24,94713,4.35,289.0920643,38.13372778,1.13
74857,-8.71,-4.47,10.59,74857,4.35,229.457687,-30.14866233,1.03
85822,10.54,53.97,17.85,85822,4.35,263.0537383,86.58632924,0.04
3405,-5.16,15.5,13.57,3405,4.36,10.83851683,-57.46309763,0.02
19038,91.73,-58.52,18.04,19038,4.36,61.17357446,22.0820679,1.02
96468,1.89,-20.75,10.61,96468,4.36,294.1803189,-1.28655047,-0.06
22701,-18.01,25.03,14.39,22701,4.36,73.2236682,-5.45275591,0.33
10324,-26.23,-14.4,9.01,10324,4.36,33.25004577,8.8467523,0.9
39863,-16.79,-3.89,1.76,39863,4.36,122.1485736,-2.98377649,0.92
28199,-2.65,11.19,3.82,28199,4.36,89.38421613,-35.28330688,-0.16
2484,82.48,-54.37,23.35,2484,4.36,7.88566992,-62.95808549,-0.02
68862,-24.42,-21.63,7.31,68862,4.36,211.5116084,-41.17958035,-0.21
24327,-12.22,-1.32,5.83,24327,4.36,78.30785422,-12.94128833,-0.07
16335,1.56,18.13,9.23,16335,4.36,52.64367585,47.99517199,1.42
33347,-2.46,1.91,1.06,33347,4.36,104.0342764,-17.05424675,0.01
154,46.62,-41.32,7.86,154,4.37,0.48996506,-6.01397169,2.35
98412,6.02,-25.15,5.28,98412,4.37,299.9340597,-35.27624433,-0.15
88886,-2.71,-6.2,2.14,88886,4.37,272.1895526,20.81457203,-0.19
53773,23,4.5,15.99,53773,4.37,165.0385243,-42.22586959,0.13
29807,0.39,87.58,17.83,29807,4.37,94.13806399,-35.14073157,0.94
35415,-1.82,3.74,1.02,35415,4.37,109.6770328,-24.95438447,-0.1
64238,-35.08,-32.8,7.86,64238,4.38,197.4875502,-5.53892987,0.01
99255,11.11,23.72,9.97,99255,4.38,302.2221517,77.71136178,-0.06
116231,96.39,37.58,18.28,116231,4.38,353.2424506,-37.81835895,-0.09
115669,-50.13,-62.97,10.57,115669,4.38,351.511739,-20.64186122,1.52
49637,-81.1,-64.2,11.89,49637,4.39,151.9763285,9.99766389,1.51
96757,15.09,-19.72,6.89,96757,4.39,295.0240939,18.01393839,0.77
73620,-55.93,12.94,17.78,73620,4.39,225.7252916,2.09127129,1.04
26176,-1.24,-2.49,3.31,26176,4.39,83.70515764,9.48958528,-0.13
30419,-20.88,10.75,25.39,30419,4.39,95.94207368,4.59283881,0.25
39311,-28.04,105.49,12.49,39311,4.39,120.566472,2.33431429,1.27
82673,-53.75,-34.68,13.95,82673,4.39,253.5020974,10.16544339,-0.13
105319,107.37,-67.12,33.58,105319,4.39,319.9661825,-53.44926434,0.21
84893,262.01,-204.74,57.48,84893,4.39,260.2508762,-21.11243499,0.47
8837,-92.38,-91.46,10.15,8837,4.39,28.41174872,-46.30244631,2.49
96837,9.06,-33.9,6.99,96837,4.39,295.2622238,17.47612356,0.96
27913,-163.17,-98.92,115.43,27913,4.39,88.59618305,20.27641498,0.66
17884,-2.5,-13.98,3.38,17884,4.39,57.38035594,65.52600645,2.58
4463,-43.72,-46.06,13.44,4463,4.4,14.30178237,23.41775997,0.94
108431,43,-3.67,17.65,108431,4.4,329.4792958,-54.9925666,0.35
38070,-10.22,4.92,1.32,38070,4.4,117.0215621,-25.93718054,0.13
39906,-9.97,-5.46,6.9,39906,4.4,122.2568477,-19.24500094,-0.14
93015,-7.83,16.65,6,93015,4.4,284.2376694,-67.23353511,0.59
114222,5.74,-35.1,14.83,114222,4.41,346.9743255,75.3875815,0.84
105138,11.96,6.85,3.62,105138,4.41,319.4794496,34.8968812,-0.09
115102,19.65,-78.57,18.24,115102,4.41,349.705945,-32.53183574,1.08
32761,-2.27,17.57,5.9,32761,4.41,102.4638171,-53.62249221,0.92
34693,-31,-48.4,10.81,34693,4.41,107.7849651,30.24528065,1.25
70300,-24.32,-21.81,7.79,70300,4.41,215.7594054,-39.51176599,-0.2
85693,18.39,16.78,8.88,85693,4.41,262.6845751,26.1106045,1.39
115033,19.63,-9.64,10.13,115033,4.41,349.4758484,-9.1824899,-0.14
87998,-0.48,3.23,4.1,87998,4.41,269.6256239,30.18926892,0.51
110538,-13.56,-186.37,19.21,110538,4.42,335.8901517,52.22949951,1.03
88290,15.43,-13.61,12.31,88290,4.42,270.4382897,1.30510936,0.06
115623,193.12,36.47,18.83,115623,4.42,351.3444225,23.40401243,0.67
72571,-237.37,-62.37,10.68,72571,4.42,222.5727779,-27.96021925,1.43
77257,-225.51,-68.52,85.08,77257,4.42,236.6114412,7.35323973,0.66
29038,4.95,-21.18,6.1,29038,4.42,91.89300774,14.76852318,-0.17
34922,107.12,325.32,16.46,34922,4.42,108.3842954,-44.64052957,3.46
53954,-9.6,39.57,26.37,53954,4.42,165.5824216,20.17974575,0.03
40326,44.84,-65.79,10.5,40326,4.42,123.5120297,-40.34773028,1.15
31700,-6.86,-8.47,7.03,31700,4.42,99.47260802,-18.23745713,1.12
34981,-6.58,3.89,2.07,34981,4.42,108.5634018,-26.35251617,-0.12
23040,-24.17,7.53,8.68,23040,4.43,74.32175175,53.75208289,0.06
19849,-2239.33,-3419.86,198.24,19849,4.43,63.8234923,-7.64455846,0.89
100587,35.71,-5.81,12.77,100587,4.43,305.9649834,32.19018607,1.31
98688,32.28,14.35,7.28,98688,4.43,300.6644137,-27.70987972,2.5
102281,-19.61,-41.74,16.03,102281,4.43,310.8647738,15.07468224,0.34
94481,-1.59,-0.61,3.13,94481,4.43,288.4395365,39.14596968,-0.19
17593,55.59,60.03,6.56,17593,4.43,56.53542672,-12.1017353,1.89
102624,-3.3,-40.24,7.33,102624,4.43,311.9343246,-5.02760303,2.21
19921,-47.99,-167.81,54.84,19921,4.44,64.12118133,-59.30174841,1.05
30060,-3.51,24.43,21.88,30060,4.44,94.90579498,59.01090518,0.05
40706,-111.27,100.62,35.06,40706,4.44,124.6391383,-36.65953286,0.25
21770,-141.18,-74.95,49.67,21770,4.44,70.14092957,-41.86357034,0.4
3786,83.14,-50.48,10.69,3786,4.44,12.17039736,7.58520186,1.58
71121,-29.55,-14.85,5.68,71121,4.44,218.1545145,-50.45712132,-0.18
40091,-8.91,3.1,1.74,40091,4.44,122.8395844,-39.61855304,1.62
95771,-126.45,-106.99,11,95771,4.44,292.1767126,24.66516482,1.68
36795,-40.38,46.84,38.91,36795,4.44,113.5133581,-22.29618077,0.6
1170,-27.15,-73.78,6.62,1170,4.44,3.66013628,-18.93268628,1.96
51849,-15.43,-0.16,2.37,51849,4.45,158.8971442,-57.55763551,1.62
55084,-108.15,-35.76,16.69,55084,4.45,169.1656837,-3.65151412,0.25
42402,-19.03,-16.29,9.25,42402,4.45,129.6893699,3.34147477,1.12
94648,-116.6,104.25,21.73,94648,4.45,288.8887238,73.35521457,1.15
7884,-22.73,3.61,8.86,7884,4.45,25.35794814,5.48760445,1.37
29426,-1.59,-20.23,5.14,29426,4.45,92.98498656,14.20881425,-0.16
96229,212.76,-155.39,29.5,96229,4.45,293.5217823,7.37931918,1.14
44191,-40.67,54.59,16.19,44191,4.45,135.0226672,-41.25373789,0.75
52633,-37.33,6.19,8.97,52633,4.45,161.446399,-80.54020283,-0.19
13147,86.96,158.96,19.31,13147,4.45,42.27233113,-32.40628403,1
80975,20.21,36.23,18.66,80975,4.45,248.0341108,-21.46647783,0.12
24244,24.95,-31.22,13.53,24244,4.45,78.07453075,-11.86914287,-0.08
44901,-137.81,-32.48,34.12,44901,4.46,137.2182737,51.60472728,0.3
18255,26.42,1.49,9.46,18255,4.46,58.57286091,-2.95473348,0.73
59173,-34.07,-9.85,8.68,59173,4.46,182.0219013,-50.66125439,-0.16
80582,-13.72,-20.63,8.16,80582,4.46,246.7960326,-47.5547359,-0.04
112948,-33.32,-22.15,14.67,112948,4.46,343.1314913,-32.87545019,-0.01
24331,3.05,4.94,9.49,24331,4.46,78.32283171,2.86125346,1.12
11569,-27.92,37.06,23.04,11569,4.46,37.26661741,67.40238385,0.17
54682,4.73,-99.06,12.26,54682,4.46,167.9145262,-22.82560642,0.04
44599,-8.44,-4.72,7.18,44599,4.47,136.286793,-72.60269387,0.67
104858,42.32,-303.43,54.11,104858,4.47,318.6199588,10.00771855,0.57
73165,-97.83,-154.56,35.83,73165,4.47,224.29607,-4.34608634,0.38
23123,-1.59,-7.93,3.42,23123,4.47,74.63709525,1.71403506,1.32
31216,-3.89,-5.8,2.16,31216,4.47,98.22595658,7.33297921,0.09
57803,-72.42,-8.62,7.03,57803,4.47,177.7864651,-45.1734495,1.24
38957,-7.48,6.91,2.8,38957,4.47,119.560183,-49.24492865,-0.14
47006,-65.07,-37.3,12.21,47006,4.47,143.7062288,52.05156754,0.08
46146,-31.13,-48.06,15.28,46146,4.47,141.163664,26.18244091,1.2
71284,188.32,132.72,64.66,71284,4.47,218.6695438,29.74480735,0.41
15549,-8.21,-16.42,5.09,15549,4.47,50.08485949,29.04849835,1.61
109111,-24.16,-125.17,13.2,109111,4.47,331.5287652,-39.54304903,1.31
30788,-13.78,24.24,8.03,30788,4.47,97.04257272,-32.58012947,-0.16
12843,330.93,36.28,71.56,12843,4.47,41.27492276,-18.57265077,0.54
75323,-10.29,-36.57,6.4,75323,4.48,230.8444073,-59.32069839,0.18
18744,1.8,34.95,6.65,18744,4.48,60.2241876,-62.15936923,2.42
32578,-12.97,-12.36,8.74,32578,4.48,101.9652368,2.41218914,1.06
113889,12.86,-10.13,6.62,113889,4.48,345.9691938,3.82006998,-0.09
20713,114.66,-33.3,20.86,20713,4.48,66.58613217,15.6183462,0.33
80343,-21.48,-47.53,18.32,80343,4.48,246.025822,-20.03721137,0.99
49641,-26.17,-3.65,11.35,49641,4.48,151.9845649,-0.37162786,-0.01
114119,59.9,0.53,17.32,114119,4.48,346.6700303,-23.7431168,0.92
3504,17.79,-7.62,3.6,3504,4.48,11.18125882,48.28438262,0
116971,98.35,-66.78,21.16,116971,4.49,355.6803536,-14.54474243,-0.04
38455,-9.49,4.02,5.09,38455,4.49,118.1610554,-38.86282206,-0.18
116928,-129.55,-154.87,32.38,116928,4.49,355.5120074,1.7804172,0.22
118322,48.63,-22.33,8.71,118322,4.49,359.978792,-65.57707774,-0.04
49593,50.97,0.64,35.78,49593,4.49,151.8571881,35.24469176,0.19
71762,9.64,9.46,10.28,71762,4.49,220.181504,16.4183013,0.02
34834,-135.6,106.79,47.22,34834,4.49,108.1405872,-46.75956448,0.4
32249,-2.29,-51.8,11.82,32249,4.49,100.9970586,13.22814319,1.11
107310,260.33,-242.73,44.64,107310,4.49,326.0350187,28.74322228,0.58
9480,-54.46,-10.69,27.91,9480,4.49,30.48979079,70.90704605,0.2
21248,-114.35,-271.56,26.22,21248,4.49,68.3776229,-29.76583186,1
104234,-27.19,-43.37,6.24,104234,4.49,316.7820227,-25.00574796,1.81
96441,-8.15,262.98,53.78,96441,4.49,294.1105934,50.22046347,0.44
43105,-9.4,8.64,5.97,43105,4.5,131.67733,-56.76979718,-0.16
99874,-34.37,5.77,9.94,99874,4.5,303.9423226,27.8142285,1.3
27530,81.61,-71.77,18.78,27530,4.5,87.45656999,-56.1664886,1.06
50676,-18.15,1.49,2.34,50676,4.5,155.2283958,-56.04322401,-0.08
67275,-480.33,54.18,64.12,67275,4.5,206.8168194,17.45677436,0.51
104459,92.31,-15.76,19.93,104459,4.5,317.3983034,-11.37165474,0.92
57565,-145.47,-4.04,14.4,57565,4.5,176.9967765,20.21894121,0.69
111944,94.18,10,10.81,111944,4.5,340.1282598,44.27628068,1.25
109285,80.05,-28.88,25.01,109285,4.5,332.0956383,-32.98839827,0.06
109754,37.65,15.55,5.79,109754,4.5,333.4695894,39.71488928,1.36
106039,133.97,-5.47,18.18,106039,4.5,322.1804835,-21.80716659,0.89
26594,0.76,0.07,2.01,26594,4.5,84.79644123,4.12146667,-0.02
106723,13.48,0.81,4.92,106723,4.51,324.2700949,-19.46601352,-0.17
98702,16.43,47.8,8.02,98702,4.51,300.7043634,67.87344872,1.23
47391,-34.89,18.6,14.57,47391,4.51,144.8376706,-61.32810523,-0.06
46515,-24.74,5.07,4.66,46515,4.51,142.3114062,-35.9513478,1.37
76852,-59.86,-43.23,16.97,76852,4.51,235.3878846,19.67050566,0.07
102333,155.49,-53.64,41.38,102333,4.51,311.0091112,-51.92084051,0.3
27483,-28.42,-25.55,15.34,27483,4.51,87.29358126,39.18113322,0.95
117863,-4.54,-3.45,0.28,117863,4.51,358.5959889,57.49939052,1.15
1473,-66.51,-42.48,23.11,1473,4.51,4.58210555,36.7853273,0.06
5586,74.29,-37.61,20.11,5586,4.51,17.91494471,30.08972962,1.05
110838,68.68,10.21,12.21,110838,4.51,336.8328045,-64.96637927,-0.01
65271,-35.5,-15.19,9.2,65271,4.52,200.658249,-60.98835608,-0.13
73745,-176.31,-4.52,13.04,73745,4.52,226.1119046,26.94765981,1.23
65387,29.1,-20.96,12.69,65387,4.52,201.0018474,-64.53561699,0.87
95176,1.79,-6.27,1.95,95176,4.52,290.4317584,-15.95500233,0.34
89112,-16.28,-37.26,7.98,89112,4.52,272.8074009,-45.95432704,0.95
13061,148.42,-125.76,18.06,13061,4.52,41.97683942,29.24742385,1.04
106140,24.39,3.52,7.37,106140,4.52,322.4869986,23.63882922,1.82
111104,-2.05,-5.76,2.38,111104,4.52,337.6219233,43.12338985,-0.09
69974,-17.12,29.39,17.47,69974,4.52,214.7775077,-13.37116634,0.11
102431,-62.95,-235.56,36.87,102431,4.52,311.3383193,57.58029799,0.58
85365,-91.53,-42.75,33.28,85365,4.53,261.6580627,-5.08649188,0.46
28413,6.87,-72.71,7.77,28413,4.53,90.01393918,-3.07407681,1.26
2487,87.95,-45.79,18.95,2487,4.53,7.88898014,-62.96544985,0.14
87072,-3.62,-10.67,3.03,87072,4.53,266.8901128,-27.83076255,0.76
69483,61.39,-10.57,21.03,69483,4.53,213.3706246,51.78999066,0.23
114570,89.78,95.57,40.82,114570,4.53,348.1371788,49.40597489,0.35
102589,14.93,-8.2,3.71,102589,4.53,311.8521956,36.49073658,-0.12
3881,22.68,-18.05,4.8,3881,4.53,12.45345723,41.07895474,-0.14
37096,-13.65,16.53,9.1,37096,4.53,114.3421666,-34.96857044,-0.08
46776,-11.42,-3.87,7.11,46776,4.54,142.9955615,-1.18465438,0.16
46977,-63.9,77.59,30.89,46977,4.54,143.6206994,69.83015419,0.83
114144,6.73,-12.76,10.13,114144,4.54,346.751066,9.40952259,1.79
75304,-18.05,-21.53,5.38,75304,4.54,230.7890137,-36.85843627,-0.16
72659,152.81,-71.28,149.26,72659,4.54,222.8470176,19.10063329,0.82
115919,59.62,25.18,18.34,115919,4.54,352.2885846,12.76049243,0.93
74392,-35.59,-32.55,8.66,74392,4.54,228.0554674,-19.79163143,-0.06
24727,29.86,-160.98,13.92,24727,4.54,79.54395049,33.37200411,1.32
98162,9.6,-14.95,2.7,98162,4.54,299.2367704,-27.1698625,1.39
46952,6.82,-22.89,18.52,46952,4.54,143.5557374,36.39761338,0.91
31416,13.11,16.52,7.92,31416,4.54,98.76408302,-22.96483318,-0.01
23595,126.17,-44.36,17.63,23595,4.55,76.10129897,-35.48287057,1.19
36425,1.26,-19.26,5.82,36425,4.55,112.4490921,12.00661101,1.21
76371,-20.42,-21.48,7.51,76371,4.55,233.9719375,-44.95833688,-0.2
48402,-4.21,19.18,7.47,48402,4.55,148.0265007,54.06428574,0.09
88839,24.77,-31.59,9.38,88839,4.55,272.0206792,-28.45701627,1
301,28.57,-7.28,14.31,301,4.55,0.93488487,-17.33597002,-0.03
110609,-5.12,-3.37,1.54,110609,4.55,336.1291488,49.47640074,0.18
107119,119.48,94.49,18.55,107119,4.55,325.4794837,71.31118695,1.07
80079,-4.23,-14.71,2.77,80079,4.55,245.1590976,-24.16928427,0.8
33694,73.18,-13.88,17.43,33694,4.55,105.0160332,76.97744152,1.35
16281,-1.94,-1.14,1.32,16281,4.55,52.47810837,58.87875244,0.79
110351,21.72,1.92,6.4,110351,4.55,335.2563679,46.53656484,-0.1
13328,9.29,-63.02,7.97,13328,4.56,42.87846216,35.05989415,1.67
70574,-13.51,-14.02,3.15,70574,4.56,216.5343127,-45.22138996,-0.14
18597,9.79,-14.39,6.15,18597,4.56,59.68640623,-61.40015059,1.85
104194,6.51,-0.99,3.32,104194,4.56,316.6503672,47.64840597,1.54
86092,-25.13,-38.32,8.46,86092,4.56,263.9150472,-46.50559076,0.01
27830,3.82,-9.58,7.45,27830,4.56,88.33184814,27.61228536,0
44700,-28.37,-14.34,4.81,44700,4.56,136.6324502,38.45225024,0.97
103004,-72.33,-60.95,15.06,103004,4.56,313.0321898,27.09712771,0.87
54951,-22.24,-9.48,0.49,54951,4.56,168.8010129,23.09552528,2.27
86614,26.6,-269.77,45.38,86614,4.57,265.4846127,72.14949916,0.5
94005,48.05,-26.84,18.67,94005,4.57,287.0872208,-40.4966376,1.06
16870,2.77,-14.23,14.88,16870,4.57,54.2736588,-40.27451075,1.07
92818,6.4,1.03,6.71,92818,4.57,283.6870048,22.64507357,0.86
80463,39.39,-59.89,13.87,80463,4.57,246.3538732,14.03341514,0.02
97886,22.78,36.29,9.08,97886,4.57,298.3653368,24.07952568,-0.02
80473,-5.61,-25.04,8.27,80473,4.57,246.3963381,-23.44711764,0.25
67627,1.45,-4.55,8.33,67627,4.58,207.8580733,64.72328281,2.35
26237,4.29,-7.15,4.15,26237,4.58,83.84650694,-4.83834045,-0.19
64425,-28.54,-17.46,9.42,64425,4.58,198.0734554,-59.92053651,-0.07
52468,-15.22,3.12,3.06,52468,4.58,160.8846154,-60.56662705,1.79
115250,30.48,-9.14,19.5,115250,4.58,350.1592632,23.7403592,0.23
48374,-24.41,9.8,3.01,48374,4.58,147.9195349,-46.54764424,1.1
86284,-11.7,-20.38,5.94,86284,4.58,264.4613324,-8.11872126,0.22
79404,-10.31,-23.17,6.97,79404,4.58,243.0758822,-27.92631564,-0.15
54751,-6.23,2.33,0.26,54751,4.59,168.1500845,-60.3176307,0.7
46509,100.93,-3.15,58.48,46509,4.59,142.2868282,-2.76895627,0.52
77840,-14.42,-25.4,7.52,77840,4.59,238.403035,-25.32708018,-0.06
50555,-14.79,4.03,2.19,50555,4.59,154.9031883,-55.02931452,1.5
3245,-28.92,1.04,13.19,3245,4.59,10.33156671,-46.08500934,0.95
17351,-90.81,-71.42,18.34,17351,4.59,55.70884185,-37.31334485,1.12
77512,-79.85,-63.78,19.71,77512,4.59,237.3987418,26.06854936,0.82
91926,5.83,51.83,20.34,91926,4.59,281.0948994,39.61259557,0.2
117452,100.03,-104.04,22.73,117452,4.59,357.2311663,-28.1300148,-0.01
42527,-59.42,26.44,12.92,42527,4.59,130.0537443,64.32787175,1.18
17959,18.27,-42,9.73,17959,4.59,57.58948256,71.33236777,0.13
25473,0.34,-1.11,2.3,25473,4.59,81.70928405,3.09567718,-0.21
96465,68.7,-23.19,17.24,96465,4.59,294.1766211,-24.88356664,-0.06
95081,14.09,41.61,14.52,95081,4.6,290.1669666,65.7144303,0.01
72125,-60.87,-50.69,14.48,72125,4.6,221.3104051,16.96440296,0.94
75501,-46.05,-13.35,8.72,75501,4.6,231.3343852,-38.7335881,0.02
77760,438.97,629.52,63.08,77760,4.6,238.1674768,42.44998796,0.63
53502,74.96,-124.5,16.4,53502,4.6,164.1791513,-37.1374629,0.99
20070,46.59,-56.43,10.25,20070,4.6,64.56073112,50.29563944,0.16
49402,-37.48,19.9,11.77,49402,4.6,151.2812186,-13.06467435,-0.07
36145,-10.79,-48.57,13.11,36145,4.61,111.6785873,49.21164489,0.02
8833,23.69,23.9,17.11,8833,4.61,28.38890233,3.18747844,0.93
101474,-2.26,-5.35,3.51,101474,4.61,308.4757843,35.25086482,1.78
1366,-50.01,-17.9,12.88,1366,4.61,4.27306518,38.68167915,0.07
39095,-7.29,-35.07,13.69,39095,4.61,119.9668965,-18.39914242,0.11
443,-8.29,88.19,25.38,443,4.61,1.33394073,-5.70783255,1.04
14817,-26.21,4.78,10.69,14817,4.61,47.82250605,39.61157075,1.09
76219,305.62,-234.12,34.54,76219,4.61,233.5438322,-10.06395962,1.02
4422,-92.56,-45.33,15.84,4422,4.62,14.16671042,59.18116582,1.01
90982,32.48,-21.03,3.76,90982,4.62,278.3756671,-42.31245871,0.95
63007,-33.35,-14.75,9.06,63007,4.62,193.6634168,-59.14666538,-0.15
92946,37.69,26.98,24.73,92946,4.62,284.0548348,4.20352956,0.2
54182,-344.41,-47.4,34.54,54182,4.62,166.2551246,7.33612254,0.39
56480,-55.55,16.64,7.04,56480,4.62,173.6904664,-54.26413167,-0.06
62327,-33.11,-14.62,8.24,62327,4.62,191.5947896,-56.48877967,-0.16
18673,11.41,17.08,9.85,18673,4.62,59.98115045,-24.01625677,-0.07
23497,68.94,-40.85,20.01,23497,4.62,75.77376699,21.5900617,0.19
25923,-0.54,-4.44,2.11,25923,4.62,82.98275119,-7.30152625,-0.28
80628,-67.26,-12.6,26.67,80628,4.62,246.9509456,-8.37170055,0.2
88175,154.17,-44.43,43.11,88175,4.62,270.1205018,-3.69016112,0.45
44824,35.83,0.49,6.69,44824,4.62,137.0119052,-25.85853691,1.66
54301,-36.83,9.57,8.82,54301,4.62,166.6353096,-62.42413654,0.97
73199,-78.26,32.48,8.2,73199,4.63,224.3963298,65.93238126,2.85
90797,-0.96,-45.59,6.81,90797,4.63,277.8434439,-62.27819116,-0.11
37648,-13.62,29.79,3.34,37648,4.63,115.8849819,-28.41095714,1.76
13914,-13.04,-6.55,11.15,13914,4.63,44.80305773,21.34044477,0.05
118131,-36.06,-32.25,7.54,118131,4.63,359.43979,25.14147936,2.21
38500,-8.44,14.65,4.53,38500,4.63,118.2651766,-49.61307949,-0.24
61789,-42.01,-24.94,9.19,61789,4.63,189.969006,-39.98724188,-0.06
42835,-11.68,-1.05,5.4,42835,4.63,130.9182513,-7.23372781,0.85
45448,13.85,-7.26,19.69,45448,4.63,138.9377894,-37.41312644,0.52
92512,77.56,25.43,10.12,92512,4.63,282.8000276,59.38828895,1.2
77635,-13.64,-24.91,6.25,77635,4.63,237.7448068,-25.75123489,-0.04
78662,-118.32,-78.34,23.26,78662,4.63,240.8842544,-57.77487351,0.3
66738,-19.14,-11.37,5.94,66738,4.63,205.1845521,54.68166149,1.97
101589,45.08,11.71,14.36,101589,4.64,308.8271174,14.67418482,0.14
82369,93.7,-81.94,27.04,82369,4.64,252.4582214,-10.78280069,0.55
88765,9.79,30.24,13.71,88765,4.64,271.8264764,8.73379361,0.92
18216,30.93,-7.18,8.46,18216,4.64,58.42784574,-24.61221253,-0.13
22845,40.08,-128.37,27.04,22845,4.64,73.7237672,10.15114511,0.11
67234,10.33,-27.98,12.68,67234,4.64,206.6640352,-51.43269771,0.93
76829,-168.7,-265.69,57.09,76829,4.64,235.2979823,-44.66055926,0.47
84606,-42.74,63.76,18.34,84606,4.64,259.4178578,37.29134328,0.07
28716,2.19,-2.81,0.1,28716,4.64,90.9799315,20.13845865,0.41
111674,-51.31,-103.34,18.95,111674,4.64,339.3436075,51.54537399,0.28
76669,-15.29,-6.51,6.89,76669,4.64,234.8445158,36.63582763,-0.09
113919,166.7,167.3,18.2,113919,4.64,346.0451323,50.05168397,1.02
95585,-0.86,-2.3,0.28,95585,4.64,291.6295403,0.33857566,0.75
51192,-6.71,3.72,-0.01,51192,4.65,156.8519928,-57.63881373,0.69
27890,120.11,573.43,36.67,27890,4.65,88.52458376,-63.09102096,1.03
23607,18.4,-30.99,8.15,23607,4.65,76.1422432,15.40418059,0.02
36917,-66.9,-18.71,14.5,36917,4.65,113.8455718,-28.36927798,-0.12
58590,-0.25,-29.71,9.16,58590,4.65,180.2182929,6.61439464,0.14
21273,103.69,-25.94,21.39,21273,4.65,68.46189659,14.84448749,0.28
78639,41.18,10.39,14.97,78639,4.65,240.8035842,-49.22972074,0.91
12719,3.51,-9.97,8.82,12719,4.65,40.86296031,27.70717078,-0.12
36514,-11.74,0.84,1.86,36514,4.65,112.677542,-30.96228313,0.89
35363,-11.29,1.85,3.85,35363,4.65,109.5766704,-36.7339666,0.11
61740,-77.3,-24.66,10.24,61740,4.66,189.8117186,-7.99550439,1.15
5571,41.66,-10.55,7.42,5571,4.66,17.86330901,21.03467568,0.99
44626,-4.36,9.89,3.02,44626,4.66,136.4099252,-70.53852074,-0.13
53295,44.78,-24.43,12.22,53295,4.66,163.4946083,43.19001538,0.01
42806,-106.94,-39.25,20.58,42806,4.66,130.8217213,21.46859609,0.03
31978,-0.66,-2.51,3.19,31978,4.66,100.244421,9.89576021,-0.22
62012,-123.27,-30.36,17.31,62012,4.66,190.6481714,-48.81303493,1.03
98543,57.99,3.76,14.67,98543,4.66,300.2750422,27.75356392,0.19
33302,51.35,39.75,34.21,33302,4.66,103.905829,-20.13659348,0.46
76705,5.65,-13.7,13.32,76705,4.66,234.9415619,-34.41189273,0.97
8497,-148.9,-94.47,42.35,8497,4.66,27.39662961,-10.68618074,0.38
90135,51.89,52.29,17.08,90135,4.66,275.9148076,-8.93451038,0.94
89678,4.48,-2.76,4.66,89678,4.66,274.5132831,-27.04263452,1.62
35205,-12.48,38.83,7.2,35205,4.66,109.1458393,-27.88127313,2.11
88567,4.03,-4.61,1.57,88567,4.66,271.2550938,-29.5800762,0.81
88128,-7.53,-10.61,4.97,88128,4.67,270.0142528,16.75094481,1.12
28910,-16.87,13.16,19.14,28910,4.67,91.53889172,-14.93528629,0.04
90595,3.07,-3.48,11.19,90595,4.67,277.299383,-14.56580499,0.1
5742,18.58,-21.26,8.64,5742,4.67,18.43723014,24.58376482,1.02
45075,99.16,-60.96,26.79,45075,4.67,137.7288799,63.51378087,0.45
103738,-2.09,-0.19,14.59,103738,4.67,315.322757,-32.25776681,0.9
40167,28.29,-150.94,39.11,40167,4.67,123.0529535,17.64813756,0.6
21683,82.4,-19.53,20.51,21683,4.67,69.81854938,15.9180242,0.19
16244,22.16,-29.18,5.84,16244,4.67,52.34179296,49.50901919,-0.07
91919,10.55,60.23,20.1,91919,4.67,281.0847388,39.66997686,0.19
96100,598.43,-1738.81,173.41,96100,4.67,293.0857769,69.66540172,0.85
19811,9.72,-21.58,5.2,19811,4.67,63.72212566,40.48372394,1.07
8928,76,73.17,15.04,8928,4.68,28.73339519,-67.64748114,0.95
7294,-43.06,-23.18,15.96,7294,4.68,23.48302496,59.23209665,1.01
43878,-16.58,14.6,8.68,43878,4.68,134.0803251,-52.72351071,-0.11
52098,0.1,7.18,6.88,52098,4.68,159.6800527,31.97622008,0.82
9677,12.56,8.54,9.03,9677,4.68,31.12262534,-29.29683966,-0.12
106786,114.29,-24.44,18.26,106786,4.68,324.4376752,-7.85414212,0.19
66234,-128.28,27.39,17.12,66234,4.68,203.6140561,49.01590606,0.1
96683,1.95,36.07,13,96683,4.68,294.8441846,30.1532335,0.89
66006,-103.8,-43.4,7.55,66006,4.68,202.9914418,-6.25571065,2.06
13879,25.88,-40.67,10.02,13879,4.68,44.69021034,39.66282739,0.11
47310,-165.45,-49.93,11.9,47310,4.68,144.6141046,4.64941422,1.35
49029,-30.06,-22.11,6.21,49029,4.68,150.0534347,8.04427686,1.96
112211,-31.4,-28.02,6.73,112211,4.68,340.8968856,-18.83030716,1.35
80047,-9.91,-36.59,4.26,80047,4.68,245.0868128,-78.69565609,2.67
20732,-7.57,-31.15,7.17,20732,4.69,66.65156991,14.71385764,0.96
39211,65.97,-75.73,6.9,39211,4.69,120.3054016,-1.39242418,1.54
108870,3959.97,-2538.84,275.76,108870,4.69,330.822665,-56.77980602,1.15
62268,112.51,-64.86,26.17,62268,4.69,191.4079843,-60.98116057,1.03
52102,-14.29,0.79,1.76,52102,4.69,159.6875522,-59.18299905,1.63
116389,42.18,10.78,11.92,116389,4.69,353.7688774,-42.61510105,0.1
37173,-2.28,-6.7,5.92,37173,4.69,114.5751975,-25.36478805,-0.07
38089,-101.31,-78.38,14.36,38089,4.69,117.0843653,-47.07753199,1.03
107136,5.25,-2.11,1.94,107136,4.69,325.523582,51.1896271,-0.12
24813,519.39,-664.79,79.08,24813,4.69,79.78365993,40.10066732,0.7
104521,49.07,-151.85,28.38,104521,4.7,317.5852962,10.13194861,0.26
56633,-59.32,2.82,10.7,56633,4.7,174.1706188,-9.80225368,-0.06
113116,98.45,23.89,8.35,113116,4.7,343.6016014,84.34611856,1.38
98066,203.96,74.4,42.03,98066,4.7,298.959271,-26.29968718,0.79
82671,-0.48,-2.17,-1.13,82671,4.7,253.4988637,-42.36201968,0.71
56922,-44.04,-1.84,6.59,56922,4.7,175.0534184,-34.7446553,-0.05
24927,10.78,-9.91,7.11,24927,4.7,80.11213225,-21.23973932,-0.03
91726,7.87,2.02,17.44,91726,4.7,280.5684255,-9.05255357,0.4
116247,-2.55,8.64,10.18,116247,4.7,353.3192713,-20.91452506,0.03
23693,-31.87,117.42,85.83,23693,4.71,76.37787652,-57.47298928,0.6
57283,27.15,-24.56,9.31,57283,4.71,176.1906623,-18.35061467,0.94
63945,-29.72,-14.68,7.88,63945,4.71,196.5697099,-48.46325358,-0.14
68191,-40.45,-32.83,15.61,68191,4.71,209.4122368,-63.68661603,1.05
25984,-1.81,-4,0.8,25984,4.71,83.18197584,32.1920314,0.51
16245,383.05,373.11,46.65,16245,4.71,52.34244352,-62.93843436,0.49
13954,9.22,-14.92,7.69,13954,4.71,44.92873469,8.90740111,-0.09
105140,55.46,-22.12,19.76,105140,4.71,319.4843606,-32.17248551,0.09
45902,-12.28,-9.2,6.25,45902,4.71,140.3733284,-25.96541642,1.91
46026,-128.65,20.58,17.92,46026,4.71,140.8014014,-28.83392305,0.91
25737,0.19,-26.08,7.15,25737,4.71,82.43325647,-1.09217557,1.7
114375,35.92,-7.79,6.26,114375,4.71,347.4786538,-22.45759248,0.75
97938,101.43,-81.28,15.96,97938,4.71,298.5617574,8.46165027,1.03
22667,-2.62,-56.13,6.02,22667,4.71,73.13318214,14.25077828,2.63
58867,-17.19,-0.01,4.33,58867,4.72,181.0801573,-63.16571094,-0.06
51438,27.94,-30.04,12.6,51438,4.72,157.5836462,-71.99271995,0.06
6692,75.07,26.82,16.89,6692,4.72,21.48293404,68.12994739,1.01
29276,-4.11,6.53,1.97,29276,4.72,92.574638,-54.96866057,-0.24
60202,-109.67,88.5,9.04,60202,4.72,185.1795548,17.79265307,1.02
27639,36.96,-44.76,6.86,27639,4.72,87.7600428,37.30568175,1.9
64844,-125.67,18.45,11.39,64844,4.72,199.385988,40.57256275,0.31
51056,-75.28,-59,15.76,51056,4.72,156.478613,33.79626364,0.31
40084,-26.04,8.08,17.64,40084,4.72,122.8180055,-12.92701835,0.93
78592,56.01,-61.25,8.68,78592,4.72,240.6993795,46.03685378,-0.06
46371,171.66,-150.17,18.53,46371,4.72,141.826239,-22.3434176,1.11
84514,-33.09,-63.92,14.97,84514,4.72,259.15294,-0.44514192,1.09
51658,-142.04,8,29.13,51658,4.72,158.3083217,40.42554046,0.23
25044,0.45,1.67,2.53,25044,4.72,80.4406153,-0.38246922,-0.17
107188,145.9,-9.05,11.22,107188,4.72,325.6642385,-18.86630105,0.91
103045,47.06,-32.91,21.01,103045,4.73,313.1633575,-8.98323782,0.36
53907,9.58,-36.11,6.34,53907,4.73,165.4569537,-2.48449705,1.77
40096,-5.33,4.6,0.7,40096,4.73,122.8579034,-42.98728888,0.3
78914,17.47,37.03,26.41,78914,4.73,241.6225984,-45.17327517,0.2
33202,70.19,-77.79,35.79,33202,4.73,103.6608077,13.17801628,0.36
79119,-40.71,343.47,28.84,79119,4.73,242.2430357,36.49010935,1
11313,23.79,-14.35,9.46,11313,4.73,36.40583743,50.27866588,1.58
64924,-1069.9,-1063.78,117.3,64924,4.74,199.60405,-18.30861062,0.75
11783,-80.92,-146.84,38.73,11783,4.74,38.02198846,-15.2443199,0.55
15520,11.27,-14.32,4.07,15520,4.74,49.99690314,65.65232717,-0.12
16341,13.31,7.34,8.57,16341,4.74,52.65437447,-5.07516332,-0.07
69191,-144.17,-90.54,17.93,69191,4.74,212.478986,-53.43872584,0.92
39903,-155.04,-297.69,46.75,39903,4.74,122.2535766,-61.3017058,0.53
42624,-10.53,6.87,1.72,42624,4.74,130.3047503,-47.31714129,0.25
88116,-5.4,-50.3,7.47,88116,4.74,269.9481531,-23.81601126,-0.01
6193,26.21,-11.62,10.49,6193,4.74,19.86657455,27.26408682,0.1
77661,-54.7,17.99,8.26,77661,4.74,237.8164298,20.97787548,1.6
116602,71.36,-12.34,16.26,116602,4.74,354.4622305,-45.49232134,0.08
96052,1.06,-3.58,5.2,96052,4.74,292.9430044,34.45297707,-0.12
93542,55.74,-45.33,17.75,93542,4.74,285.7784692,-42.09499443,-0.02
12413,92.11,-15.07,25.15,12413,4.74,39.94966387,-42.89163328,0.09
103632,7.25,2.47,2.9,103632,4.74,314.9564595,47.52094507,-0.06
44390,-22.08,18.15,11.35,44390,4.74,135.6363579,67.62957486,2.15
108874,24.81,-11.14,8.56,108874,4.74,330.8284569,-2.15533588,-0.03
2505,40.78,-14.81,9.2,2505,4.74,7.94299136,54.52232473,-0.08
69713,-149.98,89.42,33.54,69713,4.75,214.0419563,51.36701398,0.19
115088,54.88,10.91,15.48,115088,4.75,349.6558621,68.11141807,0.86
67786,-13.53,-10.74,4.87,67786,4.75,208.3022846,-31.92758624,-0.1
101612,70.15,-185.58,36.27,101612,4.75,308.8948674,-60.58129819,0.34
57581,30.77,-16.25,7.55,57581,4.75,177.0603726,-66.81487085,1.62
35020,-4.18,0.63,9.2,35020,4.75,108.6589353,-48.27192832,-0.07
76880,-33.21,-104.33,8.16,76880,4.75,235.4867445,-19.67857446,1.74
76945,-23.96,-30.43,8.24,76945,4.75,235.6709881,-34.71033325,-0.15
86486,104.28,-177.67,45.72,86486,4.76,265.0988847,-49.41515481,0.49
114155,0.26,-33.31,6.07,114155,4.76,346.77808,25.46833959,1.3
84969,-37.1,-7.78,10.46,84969,4.76,260.4980616,-67.7706496,1.18
13244,-33.95,-27.18,9.92,13244,4.76,42.6189035,-75.06688108,1.27
27750,-7.09,-9.91,2.93,27750,4.76,88.11017813,1.8551579,1.31
70264,-47.03,17.03,11.56,70264,4.76,215.6546749,-58.45915834,0.83
63355,-38.66,34.95,10.91,63355,4.76,194.7311079,17.40936063,1.79
38901,-8.11,7.14,2.26,38901,4.76,119.4171324,-30.33458703,0.24
94703,0.73,-6.12,3.58,94703,4.76,289.0543316,21.39044277,-0.05
52370,-17.75,11.27,7.15,52370,4.76,160.5589334,-64.4664538,-0.13
13288,-39,-16.63,17.85,13288,4.76,42.75977464,-21.0039789,0.91
2472,140.74,19.47,18.97,2472,4.76,7.85356695,-48.80356171,0.01
65639,-122.13,21.61,12.63,65639,4.76,201.863492,-15.97363075,1.02
67665,-20.49,-31.82,5.4,67665,4.76,207.9478731,34.44431774,1.63
60485,13.15,11.32,8.3,60485,4.76,186.0061763,51.56222925,0.89
106801,-1.9,-2.84,0.72,106801,4.76,324.4801117,62.08194667,0.38
47522,-29.14,3.02,6.56,47522,4.76,145.3209415,-23.59152139,-0.1
55266,-57.15,-68.1,17.82,55266,4.76,169.7830976,38.18572227,0.11
29997,-1.64,-101.65,18.55,29997,4.76,94.71158258,69.3200343,0.05
14382,-13.49,70.34,15.95,14382,4.77,46.38510717,56.7055481,0.99
86201,1.34,321.05,42.62,86201,4.77,264.2378747,68.75718933,0.49
62985,-18.26,-19.72,7.82,62985,4.77,193.5882255,-9.53894647,2.18
90905,0.32,-7.09,1.13,90905,4.77,278.1438429,57.04561627,0.67
56127,19.78,-17.14,5.4,56127,4.77,172.5786742,-3.00345887,1.62
112519,23.65,47.21,10.06,112519,4.77,341.8706143,83.15371558,1.25
101027,-15.79,-7.66,33.04,101027,4.77,307.2150986,-17.81366828,0.44
100310,15.71,-14.63,11.98,100310,4.77,305.1658615,-12.75904403,-0.06
98761,64.71,-85.44,8.05,98761,4.77,300.8892141,-37.94049103,1.4
26563,-15,-49.55,21.24,26563,4.77,84.72121589,-7.21270844,0.16
3455,-6.96,-113.88,15.54,3455,4.77,11.04752272,-10.60927365,0.98
88404,15.11,-37.61,19.22,88404,4.77,270.7704615,-8.18025785,0.45
100044,-3.53,-6.88,0.52,100044,4.77,304.4466852,38.0329471,0.44
45751,-27.92,12.16,10.2,45751,4.77,139.9433282,-11.97488214,0.91
32533,-23.34,-11.84,6.73,32533,4.77,101.8326847,8.03728277,1.36
26199,0.59,0.68,1.75,26199,4.78,83.76117163,-6.00202867,-0.27
50564,-229.99,-214.66,47.24,50564,4.78,154.934626,19.47143591,0.53
4147,6.49,-16.29,6.28,4147,4.78,13.25204382,-1.1442206,1.66
23231,40.37,-86.89,11.21,23231,4.78,74.98213784,-12.5372045,0.33
122,-56.52,-176.95,14.77,122,4.78,0.39937928,-77.06529438,1.26
17587,-0.94,-8.41,4.08,17587,4.78,56.50971937,63.34506772,0.79
92024,32.67,-148.72,34.21,92024,4.78,281.3619008,-64.87089771,0.21
64852,-7.16,10,6.03,64852,4.78,199.4011954,5.46984502,1.97
70104,37.17,-73.61,21.95,70104,4.78,215.1772957,-45.1868814,0.36
85755,4.91,-25.9,7.65,85755,4.78,262.8539619,-23.96258036,0.08
21029,104.98,-25.14,22.54,21029,4.78,67.63987124,16.19407556,0.19
40274,-7.3,10.07,3.33,40274,4.78,123.3730102,-35.89954225,-0.01
39847,-60.1,-2.15,14.96,39847,4.78,122.114598,51.50667575,0.1
87294,3.63,-2.73,0.88,87294,4.78,267.5462917,-40.09042823,0.41
60351,-10.75,-8.85,11.93,60351,4.78,185.6263298,25.84618178,0.61
110371,17.42,5.6,5.37,110371,4.78,335.3305317,28.33051592,0.06
9977,154.22,-43.64,16.48,9977,4.78,32.12144102,37.85918337,0.16
47758,-53.06,37.76,8.49,47758,4.78,146.0505426,-27.76956287,0.61
70306,-201.57,-116.63,18.67,70306,4.78,215.7746157,-27.75373395,1.31
110882,77.29,-307.36,20.39,110882,4.78,336.9644877,4.6964107,1.07
109400,33.39,3.09,8.64,109400,4.79,332.4515291,72.34119936,0.91
41039,-6.28,6.81,2.16,41039,4.79,125.6320777,-48.49039742,-0.12
87220,4.22,-7.89,5.37,87220,4.79,267.2936388,-31.70318435,0.01
88149,1.78,-12.95,4.82,88149,4.79,270.0658232,4.36864674,-0.08
9153,-91.51,-14.45,24.49,9153,4.79,29.48239763,23.5960961,0.33
80815,-3.42,-26.52,8.3,80815,4.79,247.5519913,-25.11515935,-0.12
1168,90.66,1.88,10.01,1168,4.79,3.65045047,20.2066972,1.93
99824,6.9,-5.02,2.72,99824,4.79,303.8162123,25.59196924,-0.22
22678,-25.97,-3.89,5.81,22678,4.79,73.15833005,36.70319636,1.46
109908,46.04,20.45,12.44,109908,4.79,333.9036867,-41.34675029,0.83
77655,-8.07,-347.41,32.13,77655,4.79,237.8080723,35.65822638,0.97
45856,-14.29,0.2,14.65,45856,4.79,140.236793,-62.40463293,0.96
64661,-36.92,-10.63,8.04,64661,4.79,198.8124908,-67.8945633,-0.09
